2016/01/22,20:18:06
權證代號,權證名稱,買量,買價,賣價,賣量,買賣價差,合理買賣價差,成交價,漲跌幅(%),成交量,標的名稱,價內外,履約價,行使比例,剩餘天數,有效槓桿,BIV,SIV
="06879P",元富7J,5,0.97,0.99,20,2.062%,4.858%,0.97,-27.61%,191,台灣50,0.55% 價外,56.24,1.0310,25,-26.28,18.79%,19.14%
="07183P",F6國泰,120,3.64,3.66,10,0.550%,1.314%,-,-,0,台灣50,0.55% 價外,56.24,1.0310,40,-7.19,49.70%,50.17%
="06961P",FK永豐,5,0.78,0.87,10,11.539%,4.302%,0.89,-19.09%,13,台灣50,0.30% 價內,56.72,0.6190,28,-19.78,19.14%,21.47%
="06689P",兆豐DK,10,1.75,1.84,10,5.143%,3.425%,1.87,-24.60%,150,台灣50,0.91% 價內,57.07,1.0310,42,-16.49,19.02%,20.19%
="06827P",國票GW,2,1.32,1.78,10,34.849%,4.968%,1.32,-31.25%,14,台灣50,1.15% 價內,57.21,1.0310,24,-26.03,16.22%,23.93%
="07158P",FC統一,7,2.23,2.31,5,3.587%,2.626%,2.31,-8.33%,26,台灣50,2.48% 價內,57.99,0.8250,40,-11.94,25.80%,26.96%
="06874P",日盛NW,25,1.65,-,0,-,3.972%,-,-,0,台灣50,2.80% 價內,58.18,0.8250,25,-,16.92%,-
="06899P",M1中信,99,0.72,0.82,10,13.889%,3.710%,0.79,-25.47%,14,台灣50,2.80% 價內,58.18,0.34,26,-16.51,19.02%,24.39%
="07241P",凱基JX,30,1.87,1.90,30,1.604%,1.988%,1.98,-6.16%,30,台灣50,2.80% 價內,58.18,0.5160,45,-8.30,34.50%,35.43%
="07247P",K6群益,25,1.08,1.10,10,1.852%,2.062%,1.17,-4.88%,250,台灣50,2.80% 價內,58.18,0.3090,45,-8.49,32.97%,33.79%
="06741P",EC元大,27,1.50,1.58,10,5.333%,3.149%,1.50,-18.48%,1118,台灣50,4.40% 價內,59.15,0.5160,24,-15.11,20.89%,24.39%
="06623P",元富1R,25,3.60,3.65,10,1.389%,3.044%,4.06,-1.22%,77,台灣50,5.94% 價內,60.12,1.0310,7,-14.33,0.00%,0.00%
="06651P",凱基8S,30,3.63,3.73,30,2.755%,2.987%,3.95,-4.59%,42,台灣50,5.94% 價內,60.12,1.0310,11,-14.60,0.00%,22.53%
="06583P",K1永豐,10,2.85,-,0,-,2.699%,-,-,0,台灣50,6.61% 價內,60.55,0.7220,5,-,0.00%,-
="06740P",EB元大,495,2.36,2.44,10,3.390%,2.260%,2.37,-15.05%,501,台灣50,7.43% 價內,61.09,0.5160,24,-11.20,19.72%,25.80%
="06795P",K7中信,99,1.53,1.63,10,6.536%,2.111%,1.54,-13.48%,11,台灣50,8.15% 價內,61.57,0.3090,24,-10.56,0.00%,29.53%
="06650P",凱基8R,30,5.65,6.15,30,8.850%,1.944%,-,-,0,台灣50,8.88% 價內,62.06,1.0310,11,-8.94,0.00%,54.38%
="06606P",BE統一,20,3.14,-,0,-,1.710%,3.35,-10.67%,50,台灣50,9.92% 價內,62.78,0.5160,39,-7.86,0.00%,-
="05158P",中信3N,99,2.90,-,0,-,1.668%,-,-,0,台灣50,10.28% 價內,63.03,0.4540,10,-,0.00%,-
="06557P",AV統一,20,7.25,7.65,10,5.517%,1.502%,-,-,0,台灣50,10.58% 價內,63.24,1.0310,32,-6.45,33.79%,43.15%
="06541P",兆豐BL,10,4.49,4.58,10,2.005%,1.462%,-,-,0,台灣50,11.45% 價內,63.86,0.6190,31,-7.43,15.05%,28.13%
="05589P",中信6Q,99,4.76,-,0,-,1.152%,-,-,0,台灣50,14.24% 價內,65.94,0.5160,45,-,0.00%,-
="06384P",國票FG,10,3.14,3.15,10,0.319%,1.135%,-,-,0,寶滬深,16.30% 價內,18.90,1,11,-4.66,67.54%,75.04%
="06394P",7M群益,25,3.78,3.88,10,2.646%,0.929%,-,-,0,寶滬深,18.87% 價內,19.50,1,24,-3.71,60.05%,71.29%
="06203P",HR元富,25,3.93,4.03,10,2.545%,0.896%,3.93,4.24%,1,寶滬深,19.45% 價內,19.64,1,24,-3.58,63.80%,75.04%
="06158P",國票EF,25,8,8.05,10,0.625%,0.448%,-,-,0,寶滬深,33.53% 價內,23.80,1,24,-1.93,60.05%,90.03%
="06780P",CR永豐,10,0.96,0.97,10,1.042%,0.741%,-,-,0,FB上証,0.59% 價外,27.20,0.42,24,-5.29,84.87%,85.81%
="06866P",永昌14,10,2.50,2.55,10,2.000%,0.932%,-,-,0,FB上証,4.00% 價內,28.50,1,25,-6.08,64.73%,66.61%
="031475",D6元大,491,3.19,3.20,474,0.314%,0.978%,3.19,-7.80%,68,T50反1,17.72% 價內,18,1,12,6.63,0.00%,30.05%
="031161",HD凱基,30,1.36,1.46,30,7.353%,1.973%,-,-,0,T50反1,5.95% 價內,20,1,35,11.98,21.59%,26.73%
="06700P",元富3K,25,0.68,0.69,25,1.471%,0.495%,0.69,1.47%,20,上証2X,3.82% 價內,28,0.17,24,-3.21,122.63%,124.74%
="037395",凱基GG,30,0.66,0.68,30,3.030%,0.904%,-,-,0,CFA50,7.40% 價內,15,0.30,39,4.76,77.15%,80.66%
="037403",E6國泰,499,0.81,0.82,30,1.235%,0.982%,-,-,0,CFA50,7.40% 價內,15,0.40,39,5.29,68.01%,69.42%
="037473",N3中信,13,0.51,0.52,30,1.961%,0.975%,0.51,-3.77%,37,CFA50,7.40% 價內,15,0.25,39,5.29,68.95%,70.82%
="037361",E2國泰,499,0.59,0.61,100,3.390%,0.977%,-,-,0,CFA50,0.69% 價內,16,0.40,39,6.01,66.84%,69.42%
="037371",元富B3,25,0.62,0.63,25,1.613%,0.930%,-,-,0,CFA50,0.69% 價內,16,0.40,39,5.78,70.35%,71.76%
="037472",N2中信,30,0.48,0.49,30,2.083%,0.991%,0.48,-5.88%,10,CFA50,0.69% 價內,16,0.33,39,6.18,65.90%,67.31%
="07023P",凱基CZ,30,0.71,0.74,30,4.225%,3.273%,-,-,0,統一,0.38% 價內,52.50,0.18,33,-6.07,61.46%,64.03%
="036984",凱基CJ,30,0.58,0.62,30,6.897%,4.349%,-,-,0,台塑,3.33% 價內,72,0.12,31,9.42,40.29%,44.32%
="037097",GN永豐,10,0.76,0.77,10,1.316%,4.470%,0.73,-19.78%,20,台塑,2.02% 價內,72.93,0.1750,33,10.60,39.41%,40.11%
="037083",元富9S,25,0.95,0.99,25,4.211%,3.714%,-,-,0,台塑,0.54% 價內,74,0.20,33,8.40,50.29%,52.51%
="034589",富邦5T,10,2.91,2.97,10,2.062%,1.854%,2.97,12.50%,20,東陽,25.45% 價內,36.19,0.3070,40,4.37,46.90%,56.26%
="037100",GR永豐,10,1.37,1.41,10,2.920%,3.083%,1.37,-0.72%,123,F-廣華,21.48% 價內,100.43,0.0520,33,3.67,94.83%,101.97%
="06984P",凱基BX,30,1,1.02,30,2.000%,1.921%,1.02,-5.56%,17,儒鴻,1.96% 價內,417.67,0.02,31,-3.79,95.53%,97.62%
="06647P",群益J4,25,0.85,0.89,10,4.706%,2.278%,-,-,0,儒鴻,6.41% 價內,437.56,0.0160,40,-4.28,67.49%,72.12%
="07005P",KY元大,100,0.71,0.72,100,1.409%,2.076%,0.72,-7.69%,17,儒鴻,10.48% 價內,457.45,0.01,32,-3.54,84.24%,86.40%
="06991P",兆豐JA,10,1.03,1.12,10,8.738%,1.916%,-,-,0,儒鴻,15.53% 價內,484.79,0.0120,31,-3.33,71.29%,89.95%
="06911P",玉山LG,10,0.45,0.46,10,2.222%,4.009%,0.45,-10%,262,聚陽,2.00% 價外,200,0.04,26,-7.56,61.28%,62.45%
="06791P",元富5W,25,0.70,0.75,10,7.143%,3.474%,-,-,0,聚陽,7.27% 價內,220,0.03,24,-5.35,64.47%,72.84%
="06997P",EG統一,20,0.99,1.08,10,9.091%,2.252%,-,-,0,聚陽,16.82% 價內,245.25,0.0220,32,-3.29,65.38%,86.89%
="07026P",EK統一,10,1.19,1.24,10,4.202%,2.153%,-,-,0,聚陽,17.80% 價內,248.16,0.0250,33,-3.33,65.08%,76.33%
="07136P",XT元大,100,1.81,1.85,10,2.210%,1.745%,-,-,0,聚陽,21.54% 價內,260,0.03,39,-2.66,73.98%,80.89%
="032695",A5統一,10,3.38,3.47,10,2.663%,2.156%,2.98,17.79%,7,和大,47.36% 價內,88.22,0.0820,4,3.49,0.00%,225.01%
="036444",日盛NJ,25,2.26,2.29,10,1.327%,2.344%,2.18,26.74%,145,和大,41.30% 價內,92,0.06,24,3.48,0.00%,60.05%
="036516",DD永豐,10,2.72,2.80,10,2.941%,2.489%,-,-,0,和大,37.58% 價內,94.49,0.0770,24,3.44,0.00%,84.40%
="036551",HT元大,10,2.73,-,0,-,2.848%,-,-,0,和大,30.00% 價內,100,0.09,24,-,56.26%,-
="037418",兆豐LA,0,-,-,0,-,-,-,-,0,和大,23.81% 價內,105,0.10,39,-,-,-
="037167",永昌25,10,2.70,2.75,10,1.852%,3.192%,-,-,0,和大,20.37% 價內,108,0.11,34,4.35,66.84%,71.52%
="036123",CY元大,10,2.09,-,0,-,3.801%,1.74,41.46%,6,和大,18.18% 價內,110,0.10,24,6.58,51.58%,-
="036955",元富9G,25,1.84,1.94,10,5.435%,4.006%,1.25,14.68%,32,和大,15.04% 價內,113,0.10,31,8.63,46.19%,57.19%
="036975",日盛21,25,1.26,1.29,10,2.381%,3.953%,1.18,47.50%,200,和大,13.04% 價內,115,0.07,31,6.00,58.25%,62.16%
="037013",FL永豐,10,0.85,0.87,10,2.353%,3.783%,0.85,49.12%,62,和大,12.15% 價內,115.92,0.0460,31,5.23,68.07%,71.64%
="034319",F4兆豐,0,-,-,0,-,-,0.91,49.18%,15,和大,11.92% 價內,116.15,0.1020,7,13.69,-,-
="036919",KA元大,10,1.18,-,0,-,4.379%,0.84,20%,8,和大,8.33% 價內,120,0.08,28,8.74,63.21%,-
="034568",元大77,10,1.37,2.11,25,54.015%,4.613%,1.14,60.56%,31,和大,2.03% 價內,127.42,0.1220,40,8.11,57.25%,93.19%
="036577",元富6T,25,0.84,0.90,10,7.143%,6.729%,-,-,0,廣隆,3.81% 價內,128.12,0.0840,24,8.13,53.80%,59.30%
="037420",IT永豐,10,0.53,0.54,10,1.887%,4.786%,-,-,0,伸興,1.48% 價外,141.60,0.04,39,5.52,77.06%,78.43%
="720546",QV元大,0,-,-,0,-,-,6.15,3.36%,20,精華,78.86% 價內,350,0.02,41,2.03,-,-
="720493",RD永豐,10,5.20,5.50,10,5.769%,3.241%,-,-,0,精華,76.84% 價內,354,0.0190,39,2.10,86.75%,159.41%
="720540",TT日盛,499,5.05,5.50,10,8.911%,3.507%,-,-,0,精華,66.93% 價內,375,0.02,41,2.20,74.10%,160.23%
="719753",元大SR,0,-,-,0,-,-,2.57,-12.59%,62,精華,33.29% 價內,469.66,0.0160,24,3.81,-,-
="720583",SA永豐,10,2.70,2.73,10,1.111%,4.922%,-,-,0,精華,32.49% 價內,472.50,0.0160,45,3.21,83.64%,87.45%
="037407",兆豐KP,10,1.22,1.27,10,4.098%,4.670%,-,-,0,F-永冠,22.13% 價內,167.45,0.03,39,4.14,62.98%,73.34%
="037396",凱基GH,30,1.12,1.18,30,5.357%,5.343%,-,-,0,F-永冠,7.98% 價內,189.38,0.04,39,4.79,75.01%,81.13%
="036065",元富2T,50,0.40,0.41,10,2.500%,9.274%,-,-,0,F-永冠,2.58% 價內,199.35,0.0280,12,8.58,78.11%,80.57%
="036144",群益K7,25,0.42,0.43,10,2.381%,7.607%,0.41,13.89%,10,F-永冠,2.58% 價內,199.35,0.0250,24,7.45,67.28%,69.23%
="036234",DQ元大,100,0.58,0.59,10,1.724%,8.814%,0.58,-1.69%,48,F-永冠,2.58% 價內,199.35,0.04,24,8.51,56.02%,57.25%
="036510",57凱基,30,0.70,0.76,30,8.571%,7.303%,-,-,0,F-永冠,2.58% 價內,199.35,0.04,24,6.66,70.71%,78.02%
="035825",M9永豐,10,0.33,0.36,10,9.091%,13.473%,-,-,0,F-永冠,1.71% 價外,208.05,0.05,7,13.01,71.76%,77.06%
="037519",元富C9,25,4.68,4.78,10,2.137%,1.185%,-,-,0,榮化,64.44% 價內,18,0.40,39,2.44,82.53%,108.76%
="037256",HV永豐,10,4.26,4.36,10,2.347%,1.332%,-,-,0,榮化,53.21% 價內,19.32,0.41,35,2.73,75.04%,105.01%
="037770",G8國泰,499,4.09,-,0,-,1.347%,-,-,0,榮化,51.80% 價內,19.50,0.40,45,-,67.54%,-
="035511",群益D6,25,4.11,4.21,10,2.433%,1.666%,-,-,0,榮化,37.67% 價內,21.50,0.50,31,3.43,67.54%,86.28%
="037740",LP永豐,10,2.89,2.99,10,3.460%,1.771%,2.98,12.45%,240,榮化,31.21% 價內,22.56,0.39,45,3.49,63.80%,76.91%
="037288",NV元大,100,1.54,1.63,10,5.844%,2.885%,1.54,-3.75%,1,葡萄王,21.79% 價內,140,0.0450,39,4.12,67.78%,81.59%
="036312",FD元大,100,1.24,1.33,10,7.258%,2.518%,-,-,0,必翔,20.40% 價內,57.06,0.1020,24,4.76,57.66%,81.36%
="036254",CB永豐,10,1.29,1.34,10,3.876%,2.895%,-,-,0,必翔,15.13% 價內,59.67,0.1220,24,5.07,71.29%,79.49%
="036597",08群益,25,0.64,0.65,10,1.563%,4.458%,-,-,0,必翔,2.69% 價內,66.90,0.1220,24,7.80,60.93%,62.16%
="034155",K1統一,10,0.47,0.48,10,2.128%,2.901%,-,-,0,必翔,0.23% 價外,68.86,0.0890,33,6.91,64.15%,65.49%
="719394",國泰VZ,499,0.74,0.79,10,6.757%,4.566%,0.86,3.61%,10,南光,10.21% 價內,39.56,0.1460,24,5.67,59.06%,68.71%
="06839P",63凱基,30,2.19,2.29,30,4.566%,3.237%,2.27,-5.81%,11,上銀,15.00% 價內,140,0.10,24,-4.28,52.98%,66.14%
="06908P",日盛03,25,1.84,1.88,10,2.174%,2.538%,1.96,0.51%,90,上銀,20.67% 價內,150,0.06,26,-3.39,0.00%,53.92%
="06889P",IK元大,100,2.13,2.22,10,4.225%,2.258%,-,-,0,上銀,23.23% 價內,155,0.06,26,-3.12,0.00%,74.10%
="06823P",元富6L,25,2,2.05,10,2.500%,2.064%,-,-,0,上銀,25.63% 價內,160,0.05,24,-2.88,0.00%,56.26%
="06542P",兆豐BM,10,2.63,2.71,10,3.042%,1.643%,-,-,0,上銀,29.86% 價內,169.66,0.0520,31,-2.22,56.26%,91.43%
="06364P",元大38,100,2.18,2.21,10,1.376%,1.579%,2.18,2.35%,23,上銀,30.64% 價內,171.57,0.0420,39,-2.19,0.00%,58.60%
="036124",CZ元大,100,0.72,0.75,10,4.167%,5.305%,-,-,0,川湖,6.98% 價內,391.20,0.02,24,8.21,45.76%,49.95%
="036415",台新62,10,0.72,0.77,10,6.944%,6.018%,-,-,0,川湖,5.66% 價內,396.09,0.0240,24,9.73,38.43%,44.15%
="036581",元富6X,25,0.71,0.72,25,1.409%,3.368%,-,-,0,川湖,1.63% 價外,425.43,0.0250,24,7.37,72.74%,73.66%
="037636",ZG元大,499,1.05,1.07,20,1.905%,2.515%,1.06,39.47%,175,橋椿,12.56% 價內,39.98,0.1590,41,5.06,61.22%,63.80%
="036619",DK永豐,10,1.03,1.06,10,2.913%,3.048%,-,-,0,橋椿,10.32% 價內,40.79,0.1860,24,5.93,66.61%,70.82%
="036838",EW永豐,10,0.69,0.71,10,2.899%,7.327%,0.73,12.31%,50,劍麟,1.69% 價內,171.60,0.0430,27,5.91,76.62%,79.11%
="035818",M2永豐,10,2.37,2.46,10,3.798%,1.968%,-,-,0,為升,28.55% 價內,287.83,0.0290,7,4.28,0.00%,135.04%
="035801",元大9U,100,1.87,1.90,10,1.604%,1.926%,-,-,0,為升,27.46% 價內,290.29,0.0230,39,4.18,46.19%,55.20%
="036402",元富5M,25,1.74,1.77,10,1.724%,1.927%,-,-,0,為升,27.46% 價內,290.29,0.0210,24,4.00,73.16%,82.06%
="035059",元富16,25,0.82,-,0,-,2.786%,-,-,0,為升,12.56% 價內,328.71,0.0160,24,-,70.15%,-
="035136",凱基2A,30,0.88,0.93,30,5.682%,3.364%,-,-,0,為升,8.34% 價內,341.52,0.0230,24,6.78,56.75%,63.56%
="030537",統一N3,20,0.43,0.48,10,11.628%,3.874%,-,-,0,為升,4.58% 價內,353.81,0.0150,24,7.85,51.81%,61.24%
="035435",元大7M,100,0.65,0.66,20,1.539%,3.975%,0.66,13.79%,131,為升,0.78% 價內,367.13,0.0290,31,8.85,48.07%,48.87%
="720479",QE元大,100,0.61,0.70,25,14.754%,10.270%,-,-,0,謚源,5.00% 價內,110,0.05,35,5.57,65.03%,78.26%
="037393",凱基GE,30,0.73,0.74,30,1.370%,3.543%,0.72,5.88%,181,光寶科,0.32% 價外,31.50,0.35,39,8.09,51.23%,51.93%
="037260",台新95,10,0.73,0.78,10,6.849%,8.265%,-,-,0,聯電,7.14% 價內,10.50,0.80,35,8.91,31.45%,37.54%
="035927",大展G4,10,0.54,0.56,10,3.704%,12.275%,0.54,10.20%,120,聯電,6.43% 價內,10.57,0.80,8,14.39,0.00%,29.07%
="036115",兆豐DG,10,0.79,0.84,10,6.329%,8.353%,0.80,8.11%,36,聯電,4.65% 價內,10.75,1,42,9.51,32.86%,36.13%
="035719",元大8W,100,0.41,0.43,10,4.878%,8.191%,-,-,0,聯電,2.27% 價內,11,0.60,39,9.62,37.07%,39.41%
="035928",大展G5,10,0.21,0.24,10,14.286%,21.366%,0.23,35.29%,10,聯電,0.18% 價內,11.23,1,8,25.75,29.53%,34.26%
="06697P",玉山KT,33,0.48,0.55,13,14.583%,9.795%,0.57,-38.04%,79,台達電,0.82% 價內,134.60,0.10,24,-12.11,31.13%,36.25%
="07099P",D7國泰,420,1.09,1.15,10,5.505%,4.930%,1.26,-23.64%,30,台達電,2.97% 價內,137.59,0.10,39,-5.67,49.70%,53.10%
="06504P",元大6T,100,0.44,0.47,10,6.818%,7.148%,0.52,-30.67%,285,台達電,4.36% 價內,139.58,0.05,25,-8.31,37.01%,41.60%
="06537P",兆豐AX,10,0.88,0.91,10,3.409%,5.532%,1,-25.93%,74,台達電,4.36% 價內,139.58,0.08,31,-6.31,48.18%,50.64%
="06854P",4Z富邦,50,1.40,1.49,50,6.429%,5.402%,-,-,0,台達電,7.66% 價內,144.57,0.10,24,-6.39,50.76%,58.13%
="06412P",富邦6Y,50,2.19,2.28,10,4.110%,4.172%,2.50,-19.61%,70,台達電,10.73% 價內,149.55,0.12,45,-4.80,40.23%,45.14%
="07053P",兆豐JV,10,1.38,1.41,10,2.174%,3.693%,1.52,-3.80%,11,台達電,13.89% 價內,155.04,0.06,34,-4.34,47.25%,51.81%
="06965P",元富9A,25,1.59,-,0,-,3.335%,1.67,-19.32%,103,台達電,16.31% 價內,159.52,0.06,28,-4.13,45.03%,-
="035860",元富1F,25,0.71,0.77,10,8.451%,7.660%,-,-,0,日月光,4.21% 價內,32.58,0.4030,7,13.72,49.24%,58.60%
="035794",元大9M,100,0.50,0.51,10,2.000%,4.240%,0.62,12.73%,60,日月光,2.88% 價內,33,0.2120,39,7.11,41.40%,42.45%
="035829",G3中信,30,0.27,0.32,10,18.519%,9.976%,0.33,0%,18,日月光,1.43% 價內,33.47,0.2650,7,16.69,39.99%,50.29%
="037182",GX永豐,10,0.76,0.77,10,1.316%,3.684%,0.75,-2.60%,20,日月光,1.04% 價內,33.60,0.32,34,8.12,52.51%,53.21%
="036068",國票GR,1497,0.43,0.44,10,2.326%,5.792%,-,-,0,日月光,0.03% 價內,33.94,0.3180,12,12.97,54.15%,55.55%
="06607P",凱基6Q,30,0.31,0.32,30,3.226%,7.586%,0.31,-8.82%,15,日月光,0.03% 價外,33.94,0.3180,6,-16.82,56.26%,58.13%
="037662",元富F7,25,0.74,0.75,25,1.351%,2.785%,-,-,0,日月光,1.59% 價外,34.50,0.30,45,6.97,56.14%,56.84%
="06460P",元大3X,100,1.47,1.51,10,2.721%,3.622%,1.50,7.14%,3,日月光,9.97% 價內,37.71,0.3710,24,-7.03,36.60%,42.22%
="034588",富邦5S,10,0.71,0.72,10,1.409%,4.389%,-,-,0,華通,2.06% 價內,17.44,0.5160,40,7.50,50.17%,51.11%
="06926P",98凱基,30,0.76,0.79,30,3.947%,3.430%,0.77,13.24%,95,華通,8.72% 價內,19.50,0.35,26,-5.80,57.19%,62.39%
="037245",NB元大,100,0.58,0.60,20,3.448%,5.445%,0.57,26.67%,762,鴻海,2.48% 價內,72.99,0.1420,35,11.47,33.03%,34.61%
="037268",7F富邦,10,0.66,0.67,10,1.515%,5.527%,0.67,6.35%,175,鴻海,2.48% 價內,72.99,0.1640,35,11.24,32.39%,33.03%
="07117P",兆豐KN,10,0.40,0.41,10,2.500%,5.302%,0.46,-14.81%,30,鴻海,1.20% 價外,73.91,0.1640,39,-11.35,29.88%,30.52%
="07255P",元富H3,25,0.77,0.78,25,1.299%,4.147%,0.77,-16.30%,57,鴻海,0.27% 價內,75,0.20,45,-9.31,36.19%,36.66%
="07167P",KL永豐,10,1.05,1.06,10,0.952%,3.820%,-,-,0,鴻海,1.53% 價內,75.96,0.2140,40,-7.79,43.62%,44.09%
="06730P",3Q富邦,10,0.72,0.74,10,2.778%,5.662%,-,-,0,鴻海,3.56% 價內,77.56,0.1640,24,-10.93,36.37%,38.01%
="06826P",國票GV,499,1.39,1.40,10,0.719%,5.883%,-,-,0,鴻海,3.56% 價內,77.56,0.3290,24,-11.72,34.03%,34.50%
="07143P",YH元大,100,0.71,0.75,100,5.634%,4.272%,-,-,0,鴻海,3.56% 價內,77.56,0.1320,39,-7.84,39.23%,42.39%
="07199P",ZK元大,100,0.79,0.82,100,3.798%,4.097%,-,-,0,鴻海,3.56% 價內,77.56,0.1420,41,-7.59,40.17%,42.33%
="06622P",元富1Q,25,1.14,1.18,25,3.509%,7.549%,1.17,-22%,333,鴻海,4.68% 價內,78.47,0.2740,7,-15.48,41.52%,46.19%
="06391P",富邦5Z,10,2.76,2.83,10,2.536%,2.549%,2.78,-4.14%,50,鴻海,13.71% 價內,86.68,0.2190,40,-5.10,41.75%,46.90%
="037342",凱基FS,30,0.74,0.80,30,8.108%,4.121%,-,-,0,仁寶,9.88% 價內,16.20,0.35,39,5.95,50.17%,59.06%
="037543",兆豐MG,10,0.57,0.62,10,8.772%,4.295%,-,-,0,仁寶,1.71% 價內,17.50,0.40,40,6.90,53.45%,59.06%
="06818P",元富6F,25,0.43,0.44,25,2.326%,4.732%,-,-,0,仁寶,1.71% 價外,17.50,0.50,24,-8.63,55.55%,56.72%
="037292",NZ元大,100,0.82,0.84,10,2.439%,4.849%,0.80,9.59%,118,仁寶,1.11% 價外,18,0.80,39,9.01,47.36%,48.30%
="06578P",元大8N,100,0.92,0.96,100,4.348%,3.952%,-,-,0,仁寶,8.72% 價內,19.50,0.4310,35,-5.67,47.83%,52.51%
="06788P",元富5T,25,1.25,1.30,25,4.000%,3.820%,-,-,0,仁寶,11.00% 價內,20,0.50,24,-5.28,55.32%,61.92%
="036531",64凱基,30,4.97,5.30,30,6.640%,1.536%,-,-,0,矽品,47.14% 價內,35,0.30,24,2.82,60.05%,140.67%
="036066",元富2U,25,6.20,6.25,10,0.807%,1.642%,-,-,0,矽品,43.06% 價內,36,0.40,12,3.27,0.00%,105.01%
="036406",CS永豐,10,5.65,5.90,10,4.425%,1.757%,-,-,0,矽品,38.93% 價內,37.07,0.39,24,3.31,30.05%,105.01%
="036048",永昌NP,10,4.77,-,0,-,1.867%,-,-,0,矽品,35.53% 價內,38,0.35,12,-,90.03%,-
="036267",日盛NA,25,4.74,4.83,10,1.899%,1.879%,-,-,0,矽品,35.53% 價內,38,0.35,24,3.73,30.05%,78.78%
="035760",L2永豐,10,4.13,4.23,10,2.421%,2.527%,-,-,0,矽品,24.28% 價內,41.44,0.41,6,5.04,60.05%,116.25%
="037641",日盛49,25,2.52,2.57,10,1.984%,2.525%,-,-,0,矽品,22.62% 價內,42,0.25,41,4.52,52.51%,58.60%
="035513",群益D8,25,4.09,4.19,10,2.445%,2.682%,-,-,0,矽品,22.01% 價內,42.21,0.4310,31,5.06,43.15%,54.38%
="037316",台新1A,10,2.18,2.28,10,4.587%,3.502%,-,-,0,矽品,15.73% 價內,44.50,0.30,39,6.31,32.86%,43.15%
="037248",NE元大,1,1.80,1.87,10,3.889%,3.534%,1.83,-8.04%,1,矽品,14.44% 價內,45,0.25,35,5.93,45.96%,52.98%
="037492",凱基GZ,30,1.85,1.95,30,5.405%,3.438%,-,-,0,矽品,14.44% 價內,45,0.25,39,5.55,48.30%,57.19%
="037626",KY永豐,10,1.48,1.52,10,2.703%,3.230%,-,-,0,矽品,13.51% 價內,45.37,0.1880,41,4.93,62.16%,66.14%
="033350",F6統一,10,0.87,0.96,10,10.345%,5.573%,-,-,0,矽品,6.74% 價內,48.25,0.1940,24,7.80,48.77%,58.83%
="032044",J2元富,25,0.67,0.77,10,14.925%,7.059%,-,-,0,矽品,5.49% 價內,48.82,0.1940,24,10.11,34.26%,45.73%
="037635",ZF元大,100,1.09,1.10,10,0.917%,4.552%,1.10,-8.33%,70,矽品,3.00% 價內,50,0.25,41,7.09,51.58%,52.04%
="036994",兆豐HV,10,0.85,0.87,10,2.353%,4.263%,0.81,14.08%,10,台積電,17.57% 價內,117.80,0.04,31,6.66,37.07%,45.38%
="037237",凱基EH,30,1.89,1.95,50,3.175%,4.723%,1.90,7.34%,175,台積電,15.42% 價內,120,0.10,35,6.51,28.13%,38.24%
="037280",NM元大,100,1.53,1.60,10,4.575%,4.639%,-,-,0,台積電,15.42% 價內,120,0.08,39,6.39,30.75%,41.63%
="037315",台新99,10,1.31,1.41,10,7.634%,5.292%,-,-,0,台積電,13.06% 價內,122.50,0.08,39,7.04,22.53%,38.59%
="037440",日盛40,25,0.96,1,10,4.167%,5.383%,-,-,0,台積電,12.60% 價內,123,0.06,39,7.40,24.39%,33.21%
="036993",兆豐HU,10,1.08,1.12,10,3.704%,5.623%,1,11.11%,30,台積電,11.69% 價內,124,0.07,31,8.93,32.97%,39.41%
="037375",元富B8,25,0.67,0.68,25,1.493%,5.843%,0.66,8.20%,50,台積電,8.20% 價內,128,0.05,39,7.82,38.62%,39.99%
="035936",日盛MA,25,0.55,0.58,1,5.455%,11.226%,0.54,14.89%,12,台積電,6.54% 價內,130,0.07,8,17.81,0.00%,0.00%
="037023",台新81,10,0.91,1.01,10,10.989%,8.350%,-,-,0,台積電,6.54% 價內,130,0.10,31,11.56,18.79%,28.72%
="037536",兆豐LZ,10,0.73,0.74,10,1.370%,6.745%,0.66,17.86%,16,台積電,5.52% 價內,131.25,0.07,40,10.59,33.36%,34.26%
="036692",元富7E,25,0.59,0.61,25,3.390%,8.589%,-,-,0,台積電,4.92% 價內,132,0.07,25,11.69,30.46%,32.86%
="037422",IV永豐,10,0.60,0.61,10,1.667%,7.227%,0.59,7.27%,10,台積電,2.78% 價內,134.75,0.0720,39,10.47,34.35%,35.14%
="035151",9M群益,25,0.57,0.60,10,5.263%,8.700%,0.52,1.96%,23,台積電,2.59% 價內,135,0.08,24,13.27,36.28%,39.06%
="036412",台新59,10,0.32,0.42,10,31.250%,13.561%,-,-,0,台積電,2.59% 價內,135,0.07,24,17.68,16.48%,27.87%
="036565",AB國泰,30,0.78,0.82,30,5.128%,9.537%,0.74,27.59%,20,台積電,2.59% 價內,135,0.12,24,14.41,31.63%,34.14%
="034070",富邦3R,20,0.42,0.49,10,16.667%,10.257%,-,-,0,台積電,2.44% 價內,135.20,0.0720,31,13.89,24.07%,30.49%
="036745",EK永豐,10,0.49,0.50,10,2.041%,9.854%,0.48,14.29%,15,台積電,2.08% 價內,135.68,0.0820,26,14.60,29.53%,30.40%
="034438",6R群益,25,0.51,0.53,10,3.922%,8.400%,-,-,0,台積電,1.07% 價外,140,0.10,39,12.98,31.31%,32.42%
="035278",台新23,10,0.30,0.39,10,30.000%,16.403%,-,-,0,台積電,1.07% 價外,140,0.12,24,21.87,21.88%,27.17%
="035701",凱基6N,30,0.13,0.18,30,38.462%,25.194%,-,-,0,台積電,1.07% 價外,140,0.10,5,35.96,29.77%,37.68%
="036033",永昌MY,10,0.47,0.50,10,6.383%,12.099%,-,-,0,台積電,1.07% 價外,140,0.15,12,19.57,37.54%,39.53%
="037453",XV元大,65,0.60,0.62,10,3.333%,7.140%,0.60,20%,327,台積電,1.07% 價外,140,0.10,39,11.39,36.25%,37.36%
="037593",玉山LX,13,0.45,0.47,13,4.444%,9.540%,0.40,17.65%,130,台積電,1.07% 價外,140,0.10,40,16.67,27.63%,28.74%
="036201",BU永豐,10,0.23,0.24,10,4.348%,12.026%,0.21,16.67%,3,台積電,1.93% 價外,141.23,0.0770,24,21.38,28.88%,29.80%
="037206",玉山LS,13,1.37,1.45,13,5.839%,2.953%,-,-,0,華邦電,17.14% 價內,7,1,34,4.80,61.92%,73.16%
="035547",台新33,10,1.04,1.09,10,4.808%,3.640%,1.04,8.33%,90,華邦電,12.33% 價內,7.30,1,31,6.48,48.77%,56.26%
="035935",日盛LZ,25,0.39,0.48,25,23.077%,8.258%,-,-,0,佳世達,1.58% 價內,9.50,1,8,13.15,53.92%,70.35%
="06985P",凱基CF,30,0.53,0.55,30,3.774%,5.111%,-,-,0,宏,1.43% 價外,10.50,0.80,31,-6.79,59.77%,61.92%
="06538P",兆豐AY,10,1.23,1.26,10,2.439%,4.488%,1.25,-10.71%,34,宏,11.25% 價內,12,0.75,31,-4.65,60.99%,64.73%
="06590P",元大8T,100,1.28,1.33,100,3.906%,4.449%,-,-,0,宏,11.25% 價內,12,0.80,39,-4.82,50.64%,56.26%
="06639P",凱基7R,30,1.02,1.05,30,2.941%,5.987%,1.08,-10%,84,宏,11.25% 價內,12,0.75,8,-6.88,45.03%,63.80%
="06755P",15凱基,30,1.23,1.26,30,2.439%,2.315%,1.23,-7.52%,80,鴻準,15.81% 價內,72.22,0.1040,24,-4.33,53.45%,61.92%
="06609P",凱基6S,30,2.17,2.23,30,2.765%,1.353%,-,-,0,鴻準,25.72% 價內,81.85,0.1040,6,-2.73,0.00%,153.79%
="07130P",XM元大,100,2.14,2.17,10,1.402%,1.313%,-,-,0,鴻準,25.85% 價內,82,0.10,39,-2.55,57.19%,66.61%
="06724P",元富4D,25,2.71,2.74,25,1.107%,1.302%,2.80,0.36%,50,鴻準,26.58% 價內,82.81,0.1250,24,-2.66,0.00%,0.00%
="06853P",4Y富邦,50,4,4.08,10,2.000%,1.101%,-,-,0,鴻準,29.85% 價內,86.67,0.1560,24,-2.22,0.00%,86.28%
="07014P",B4國泰,160,3.21,3.31,50,3.115%,1.099%,-,-,0,鴻準,29.85% 價內,86.67,0.1250,32,-2.15,0.00%,86.28%
="06012P",2G元大,100,3.51,3.57,10,1.709%,1.006%,-,-,0,鴻準,31.74% 價內,89.07,0.1250,10,-2.08,0.00%,136.92%
="06411P",富邦6X,50,6.25,-,0,-,0.705%,-,-,0,鴻準,39.87% 價內,101.11,0.1560,45,-,0.00%,-
="036803",永昌15,10,1.59,1.64,10,3.145%,4.933%,-,-,0,敬鵬,11.18% 價內,46.50,0.25,27,6.29,56.72%,61.46%
="037466",JH永豐,10,0.61,0.62,10,1.639%,3.850%,0.61,-1.61%,306,敬鵬,0.54% 價外,51.98,0.13,39,5.93,70.59%,71.76%
="037240",凱基EM,30,4.42,4.52,30,2.262%,1.372%,4.49,5.90%,12,英業達,58.33% 價內,15,0.50,35,2.55,82.53%,112.51%
="037169",兆豐JY,10,5.15,-,0,-,1.413%,-,-,0,英業達,56.87% 價內,15.14,0.60,34,-,0.00%,-
="037633",ZD元大,100,3.89,3.95,10,1.542%,1.558%,-,-,0,英業達,48.44% 價內,16,0.50,41,2.93,30.05%,75.04%
="037669",LE永豐,10,3.69,3.75,10,1.626%,1.772%,-,-,0,英業達,38.57% 價內,17.14,0.54,45,3.21,67.54%,76.91%
="036503",元富6D,25,3.81,3.89,20,2.100%,2.068%,-,-,0,英業達,31.94% 價內,18,0.65,24,3.82,67.54%,86.28%
="036841",EZ永豐,10,3.21,3.31,10,3.115%,2.114%,-,-,0,英業達,30.85% 價內,18.15,0.56,27,3.80,67.54%,86.28%
="036640",永昌08,10,4.47,4.55,10,1.790%,2.169%,-,-,0,英業達,30.14% 價內,18.25,0.80,25,4.04,60.05%,75.04%
="035879",BG元大,100,2.37,2.43,10,2.532%,2.558%,2.40,9.09%,20,英業達,25.00% 價內,19,0.50,8,4.80,0.00%,105.01%
="036177",日盛MY,499,2.18,2.23,10,2.294%,2.764%,2.02,0%,9,英業達,21.80% 價內,19.50,0.50,24,5.51,52.51%,63.80%
="035676",元富83,25,1.90,1.96,25,3.158%,3.191%,1.99,15.03%,1,英業達,18.75% 價內,20,0.50,4,5.78,97.52%,135.04%
="035659",G9永豐,10,2.27,2.33,10,2.643%,3.205%,2.42,15.79%,31,英業達,18.63% 價內,20.02,0.60,4,5.70,97.52%,127.55%
="037526",兆豐LJ,0,-,-,0,-,-,-,-,0,微星,64.97% 價內,25.46,0.30,40,-,-,-
="035870",AX元大,50,5.85,5.90,50,0.855%,1.172%,-,-,0,微星,55.90% 價內,26.94,0.39,8,2.77,0.00%,150.04%
="035933",日盛LX,25,4.17,4.20,10,0.719%,1.172%,-,-,0,微星,55.90% 價內,26.94,0.2780,8,2.78,0.00%,135.04%
="037184",GZ永豐,10,4.92,4.99,10,1.423%,1.284%,-,-,0,微星,48.15% 價內,28.35,0.36,34,2.97,0.00%,78.78%
="036936",元富8X,25,4.41,4.48,10,1.587%,1.583%,-,-,0,微星,35.48% 價內,31,0.40,28,3.64,0.00%,67.54%
="033260",E7統一,10,2.06,2.14,10,3.884%,1.797%,2.14,1.42%,50,微星,27.78% 價內,32.87,0.2230,45,4.07,35.67%,57.19%
="036207",台新47,10,2.47,2.57,10,4.049%,1.879%,-,-,0,瑞昱,30.37% 價內,56.61,0.1450,24,4.03,0.00%,75.04%
="036641",永昌09,10,3.27,-,0,-,1.849%,-,-,0,瑞昱,30.37% 價內,56.61,0.1890,25,-,48.77%,-
="036952",元富9D,25,2.57,2.59,10,0.778%,1.919%,-,-,0,瑞昱,27.33% 價內,57.96,0.1560,31,4.03,63.80%,67.54%
="036096",凱基9J,30,1.70,1.80,30,5.882%,2.097%,-,-,0,瑞昱,26.35% 價內,58.41,0.1110,12,4.33,0.00%,110.63%
="037567",YU元大,100,2.69,2.76,10,2.602%,1.929%,-,-,0,瑞昱,26.35% 價內,58.41,0.1670,40,4.06,56.26%,66.14%
="036252",BZ永豐,10,2.86,2.96,10,3.497%,2.098%,-,-,0,瑞昱,25.28% 價內,58.91,0.1890,24,4.37,52.51%,73.63%
="036058",日盛MM,25,1.81,1.90,25,4.972%,2.928%,-,-,0,瑞昱,17.31% 價內,62.91,0.1670,12,6.13,0.00%,71.29%
="036163",元富3E,25,1.82,1.84,10,1.099%,2.607%,1.72,4.88%,16,瑞昱,17.31% 價內,62.91,0.1560,24,5.76,57.66%,60.52%
="037750",LZ永豐,10,1.79,1.85,10,3.352%,2.295%,-,-,0,瑞昱,16.26% 價內,63.48,0.1460,45,4.68,57.66%,63.09%
="035727",元大9E,100,1.13,1.16,10,2.655%,2.969%,-,-,0,瑞昱,9.50% 價內,67.40,0.1340,39,6.42,48.07%,50.87%
="035783",凱基6T,30,0.73,0.76,30,4.110%,4.709%,-,-,0,瑞昱,9.50% 價內,67.40,0.1110,6,9.66,49.70%,65.67%
="035764",L6永豐,10,0.53,0.57,10,7.547%,7.389%,0.53,32.50%,230,瑞昱,2.02% 價內,72.34,0.1840,6,15.97,54.74%,60.75%
="07239P",ZZ元大,100,0.85,0.87,100,2.353%,3.481%,0.89,-3.26%,1732,廣達,7.43% 價內,52.50,0.15,45,-5.22,48.30%,50.41%
="06582P",凱基6E,30,1.62,1.72,30,6.173%,3.232%,1.68,-5.08%,2,廣達,13.68% 價內,56.30,0.2130,5,-5.81,0.00%,105.95%
="06692P",BQ永豐,10,0.64,0.65,10,1.563%,3.360%,-,-,0,台光電,2.12% 價內,53.33,0.15,24,-6.20,68.25%,69.42%
="06523P",群益D2,25,1.07,1.11,10,3.738%,3.219%,-,-,0,台光電,5.13% 價內,55.02,0.2070,31,-5.77,57.89%,61.22%
="07020P",康和M6,10,1.08,1.18,10,9.259%,2.628%,-,-,0,台光電,11.18% 價內,58.77,0.1350,33,-4.29,58.83%,72.11%
="06599P",元富1D,25,0.34,0.35,25,2.941%,6.681%,0.34,9.68%,16,正崴,1.24% 價內,41.11,0.1880,6,-12.20,73.52%,75.97%
="037160",MN元大,100,1.72,1.77,10,2.907%,2.154%,-,-,0,億光,28.50% 價內,40,0.15,34,4.22,33.79%,60.99%
="037398",凱基GL,30,2.45,2.50,30,2.041%,2.408%,-,-,0,億光,22.38% 價內,42,0.25,39,4.64,47.83%,54.38%
="037301",IB永豐,10,1.94,2.01,10,3.608%,2.506%,-,-,0,億光,19.34% 價內,43.07,0.2120,39,4.63,55.79%,63.80%
="036176",日盛MX,25,2.04,2.12,10,3.922%,3.327%,-,-,0,億光,14.22% 價內,45,0.30,24,6.35,45.49%,54.85%
="037006",兆豐JM,10,1.55,1.60,10,3.226%,3.375%,1.29,2.38%,1,億光,11.74% 價內,46,0.25,31,7.91,45.96%,50.64%
="035968",元富1W,25,1.19,1.24,25,4.202%,5.709%,-,-,0,億光,8.21% 價內,47.50,0.30,8,11.32,31.92%,46.90%
="036015",AV永豐,10,0.88,0.97,9,10.227%,6.168%,0.97,46.97%,2,億光,4.66% 價內,49.11,0.29,11,10.93,46.43%,56.49%
="035877",BE元大,100,0.48,0.49,10,2.083%,7.154%,0.37,8.82%,96,億光,2.80% 價內,50,0.20,8,18.31,52.86%,54.62%
="035887",BP元大,100,1.74,2.83,5,62.644%,1.465%,2.83,26.34%,2,南亞科,37.83% 價內,29.24,0.1540,39,2.00,63.80%,274.73%
="035986",日盛MG,150,1.70,1.79,10,5.294%,2.042%,-,-,0,南亞科,25.27% 價內,32.17,0.2050,11,4.43,84.40%,123.80%
="036041",永昌NG,10,1.53,1.58,10,3.268%,2.663%,-,-,0,南亞科,15.47% 價內,34.90,0.2560,12,5.67,85.34%,95.65%
="035821",M5永豐,10,1.12,1.21,10,8.036%,2.890%,-,-,0,南亞科,15.41% 價內,34.92,0.1950,7,5.88,95.65%,129.42%
="035690",群益G7,25,3.06,3.16,10,3.268%,2.182%,2.83,9.27%,3,南亞科,11.73% 價內,36.07,0.5130,39,5.36,68.01%,72.23%
="034560",元大69,106,0.36,0.46,10,27.778%,2.555%,-,-,0,南亞科,8.57% 價內,37.12,0.0760,40,5.11,55.09%,82.65%
="06382P",NF元富,25,0.38,0.40,10,5.263%,4.113%,0.38,-26.92%,15,南亞科,0.17% 價外,40.23,0.1940,11,-9.63,71.41%,75.04%
="035248",兆豐AD,10,0.54,0.55,10,1.852%,3.360%,0.56,33.33%,119,南亞科,0.45% 價外,40.48,0.2050,24,7.74,65.08%,66.26%
="037408",兆豐KQ,10,0.74,0.75,10,1.351%,2.941%,0.76,2.70%,30,友達,6.48% 價內,8.34,0.80,39,6.33,53.92%,55.32%
="06880P",元富7K,25,0.34,0.36,25,5.882%,3.785%,0.33,-5.71%,20,友達,1.95% 價外,8.71,0.90,25,-10.02,50.17%,52.51%
="06796P",K8中信,30,0.40,0.42,30,5.000%,4.034%,0.41,13.89%,250,友達,0.23% 價內,8.90,0.90,24,-9.33,47.83%,50.17%
="06720P",3G富邦,10,0.73,0.74,10,1.370%,2.595%,0.71,1.43%,269,友達,1.33% 價內,9,1,45,-6.08,53.92%,54.38%
="06736P",DX元大,100,0.70,0.72,100,2.857%,3.636%,0.69,-5.48%,64,友達,6.53% 價內,9.50,0.90,24,-8.07,42.22%,45.03%
="06595P",元富1A,50,0.82,0.85,25,3.659%,4.416%,-,-,0,友達,8.45% 價內,9.70,1,5,-9.60,30.05%,58.13%
="06569P",1F富邦,10,1.22,1.26,10,3.279%,2.631%,1.20,-1.64%,430,友達,11.20% 價內,10,1,32,-5.77,43.15%,46.90%
="06375P",G7兆豐,10,1.76,1.78,10,1.136%,2.159%,1.75,-6.91%,11,友達,16.23% 價內,10.60,1.0380,11,-5.11,0.00%,0.00%
="06548P",元大7R,100,1.70,1.72,10,1.177%,1.698%,-,-,0,友達,19.27% 價內,11,0.80,31,-3.65,37.54%,48.77%
="037388",XL元大,100,1.51,1.53,10,1.325%,1.278%,-,-,0,美律,42.29% 價內,35,0.10,39,3.09,69.42%,79.72%
="037661",ZY元大,100,1.35,1.37,10,1.482%,1.542%,-,-,0,美律,24.50% 價內,40,0.12,45,3.64,75.97%,79.72%
="037072",FY永豐,10,1.28,1.34,10,4.688%,1.820%,-,-,0,美律,15.01% 價內,43.30,0.1450,32,4.12,88.39%,97.05%
="036676",日盛NZ,25,0.79,0.84,10,6.329%,2.308%,-,-,0,美律,10.67% 價內,45,0.12,25,5.37,73.63%,83.23%
="036216",國泰2D,280,1.82,1.85,30,1.648%,2.147%,-,-,0,美律,2.68% 價內,48.50,0.33,45,5.32,69.42%,70.59%
="037289",NW元大,100,1.54,1.58,100,2.597%,1.948%,1.40,-5.41%,7,晶電,26.82% 價內,22,0.25,39,4.54,57.19%,67.08%
="037360",E1國泰,100,2.20,3.30,10,50.000%,2.433%,2.24,14.87%,295,晶電,16.25% 價內,24,0.50,39,5.17,52.51%,129.42%
="037535",兆豐LT,10,1.24,1.35,1,8.871%,2.508%,-,-,0,晶電,14.34% 價內,24.40,0.30,40,5.08,53.45%,66.61%
="037008",兆豐JP,30,0.54,-,0,-,4.526%,-,-,0,晶電,3.33% 價內,27,0.30,31,-,39.88%,-
="037194",HJ永豐,10,0.92,0.95,10,3.261%,2.952%,0.83,6.41%,21,晶電,1.94% 價內,27.37,0.35,34,6.83,68.95%,71.76%
="036230",DK元大,100,0.35,0.45,10,28.571%,5.020%,0.33,-15.38%,145,晶電,0.36% 價外,28,0.25,24,11.00,49.94%,63.91%
="037055",凱基CW,30,0.40,0.43,30,7.500%,3.557%,0.36,9.09%,17,晶電,0.36% 價外,28,0.20,32,8.25,61.22%,65.79%
="06543P",兆豐BN,10,0.76,0.85,10,11.842%,3.015%,-,-,0,晶電,4.22% 價內,29.13,0.3090,31,-6.05,53.92%,63.09%
="037084",元富9T,25,0.48,0.50,25,4.167%,4.510%,-,-,0,京元電,2.46% 價內,20.30,0.30,33,7.56,53.21%,56.02%
="06916P",88凱基,30,1.60,1.65,55,3.125%,4.709%,1.63,-8.94%,28,聯發科,0.95% 價外,210,0.15,26,-8.63,51.99%,53.45%
="07017P",元富9X,25,2.04,2.06,25,0.980%,3.689%,2.07,-9.21%,205,聯發科,0.95% 價外,210,0.15,33,-6.77,57.84%,58.36%
="07120P",日盛37,25,0.56,0.57,10,1.786%,4.474%,-,-,0,聯發科,0.95% 價外,210,0.05,39,-8.28,44.53%,45.26%
="07221P",I7群益,25,0.76,0.77,10,1.316%,3.286%,0.78,-3.70%,140,聯發科,0.95% 價外,210,0.05,45,-5.95,55.12%,55.79%
="07169P",KN永豐,10,0.72,0.73,10,1.389%,2.798%,0.72,-2.70%,10,聯發科,1.79% 價內,215.86,0.0350,40,-5.00,66.14%,67.15%
="07098P",D6國泰,200,1.44,1.47,180,2.083%,3.495%,-,-,0,聯發科,3.64% 價內,220,0.08,39,-6.45,48.89%,50.23%
="07188P",G9群益,25,1,1.01,10,1.000%,3.128%,0.95,-7.77%,100,聯發科,3.64% 價內,220,0.05,41,-6.01,54.76%,55.47%
="06728P",CG永豐,10,0.96,1,10,4.167%,4.164%,-,-,0,聯發科,5.36% 價內,224,0.0550,24,-7.63,46.96%,50.52%
="07161P",兆豐LE,10,1.14,1.15,10,0.877%,3.016%,1.12,-7.44%,79,聯發科,5.78% 價內,225,0.05,40,-5.62,54.09%,54.79%
="06935P",FD永豐,10,1.04,1.06,10,1.923%,3.411%,-,-,0,聯發科,7.63% 價內,229.50,0.0450,27,-6.13,52.57%,54.74%
="06785P",群益N3,25,2.10,2.17,10,3.333%,3.860%,2.10,-10.26%,8,聯發科,7.83% 價內,230,0.10,24,-7.42,42.22%,46.19%
="07222P",I8群益,25,1.36,1.39,10,2.206%,2.685%,-,-,0,聯發科,7.83% 價內,230,0.05,45,-4.77,54.62%,56.72%
="06998P",EH統一,20,0.95,1.03,10,8.421%,3.052%,-,-,0,聯發科,9.75% 價內,234.90,0.0350,32,-5.29,48.24%,58.83%
="06829P",47凱基,30,2.57,2.67,30,3.891%,3.394%,-,-,0,聯發科,9.79% 價內,235,0.10,24,-6.17,46.43%,52.40%
="06718P",3E富邦,10,4.02,-,0,-,2.260%,-,-,0,聯發科,15.20% 價內,250,0.10,45,-,43.62%,-
="06738P",DZ元大,100,1.90,1.96,10,3.158%,2.654%,-,-,0,聯發科,15.20% 價內,250,0.05,24,-5.08,33.79%,49.94%
="06752P",12凱基,30,1.88,1.97,30,4.787%,2.682%,-,-,0,聯發科,15.20% 價內,250,0.05,24,-4.97,0.00%,51.81%
="06776P",元富5E,25,2.25,2.35,10,4.444%,2.689%,-,-,0,聯發科,15.20% 價內,250,0.06,24,-5.04,0.00%,49.70%
="06825P",國票GU,25,1.86,1.87,10,0.538%,2.711%,-,-,0,聯發科,15.20% 價內,250,0.05,24,-5.23,0.00%,0.00%
="06909P",日盛04,25,1.89,1.96,10,3.704%,2.641%,-,-,0,聯發科,15.20% 價內,250,0.05,26,-4.99,0.00%,47.83%
="06952P",53群益,25,2.70,2.77,10,2.593%,2.554%,-,-,0,聯發科,15.20% 價內,250,0.07,28,-4.75,40.35%,49.70%
="06993P",兆豐JC,10,1.96,2.01,10,2.551%,2.472%,-,-,0,聯發科,15.20% 價內,250,0.05,31,-4.61,44.56%,51.81%
="06713P",BX永豐,10,2.63,2.73,10,3.802%,2.438%,-,-,0,聯發科,16.59% 價內,254.15,0.0620,24,-4.33,42.22%,59.77%
="06705P",05凱基,30,3.77,3.87,30,2.653%,2.256%,-,-,0,聯發科,18.46% 價內,260,0.08,24,-4.24,0.00%,47.83%
="06716P",J8中信,30,2.39,2.42,10,1.255%,2.224%,2.26,-9.96%,112,聯發科,18.46% 價內,260,0.05,24,-4.57,31.92%,48.53%
="06978P",KB元大,100,1.21,1.23,10,1.653%,2.128%,-,-,0,聯發科,18.46% 價內,260,0.0250,31,-3.80,43.62%,51.93%
="06547P",元大7Q,10,8.60,9.10,10,5.814%,1.868%,-,-,0,聯發科,21.48% 價內,270,0.15,31,-3.32,0.00%,70.35%
="06719P",3F富邦,10,2.93,-,0,-,1.744%,-,-,0,聯發科,21.48% 價內,270,0.05,45,-,45.03%,-
="06808P",GA元大,100,1.72,1.76,10,2.326%,1.912%,-,-,0,聯發科,21.48% 價內,270,0.03,24,-3.40,0.00%,59.53%
="06601P",L7永豐,10,4.44,4.54,10,2.252%,1.868%,-,-,0,聯發科,22.58% 價內,273.84,0.0730,6,-3.39,0.00%,106.89%
="06658P",2J富邦,10,6.70,-,0,-,1.600%,-,-,0,聯發科,24.29% 價內,280,0.10,40,-,0.00%,-
="06715P",J7中信,30,3.37,3.40,10,0.890%,1.655%,3.34,-0.89%,54,聯發科,24.29% 價內,280,0.05,24,-3.08,0.00%,53.45%
="06717P",國泰2A,150,3.35,3.45,10,2.985%,1.665%,-,-,0,聯發科,24.29% 價內,280,0.05,24,-2.96,0.00%,70.82%
="06618P",國泰1L,100,8.70,9.10,20,4.598%,1.306%,-,-,0,聯發科,29.33% 價內,300,0.10,7,-2.23,0.00%,192.21%
="06627P",兆豐DA,10,8.75,9,10,2.857%,1.271%,-,-,0,聯發科,29.33% 價內,300,0.10,39,-2.24,0.00%,76.91%
="06645P",元富2B,25,5.20,-,0,-,1.311%,-,-,0,聯發科,29.33% 價內,300,0.06,8,-,0.00%,-
="06657P",2H富邦,10,4.34,-,0,-,1.279%,-,-,0,聯發科,29.33% 價內,300,0.05,40,-,0.00%,-
="06678P",凱基9B,30,4.35,4.45,30,2.299%,1.306%,-,-,0,聯發科,29.33% 價內,300,0.05,12,-2.33,0.00%,116.25%
="06672P",國票GN,25,4.49,4.50,10,0.223%,1.265%,-,-,0,聯發科,30.03% 價內,303,0.05,12,-2.30,0.00%,0.00%
="06596P",元富99,25,5.35,5.60,10,4.673%,1.062%,-,-,0,聯發科,33.75% 價內,320,0.05,5,-1.81,0.00%,274.73%
="06628P",兆豐DB,10,5.65,-,0,-,1.000%,-,-,0,聯發科,34.77% 價內,325,0.05,39,-,65.67%,-
="030216",國泰HV,130,4.03,4.22,5,4.715%,1.882%,-,-,0,全新,34.54% 價內,37.46,0.3120,24,3.59,0.00%,93.77%
="036817",JG元大,100,1.05,1.09,100,3.810%,2.754%,1.06,9.28%,465,全新,12.00% 價內,45,0.15,27,5.31,70.12%,76.21%
="036849",玉山LN,10,0.66,0.67,10,1.515%,2.921%,0.64,6.67%,42,全新,12.00% 價內,45,0.10,27,6.10,60.75%,63.09%
="037752",MB永豐,10,1.21,1.22,10,0.826%,2.184%,1.24,11.71%,155,全新,9.80% 價內,45.90,0.15,45,4.16,81.01%,82.06%
="033095",國泰ND,3,1.24,-,0,-,4.204%,1.24,21.57%,230,全新,9.21% 價內,46.15,0.26,11,8.74,57.19%,-
="036868",凱基BE,30,1.34,1.40,30,4.478%,2.574%,-,-,0,全新,7.23% 價內,47,0.20,27,4.84,90.03%,96.11%
="035906",N7永豐,10,0.48,0.51,10,6.250%,4.627%,0.55,17.02%,213,全新,4.59% 價內,48.19,0.1270,8,7.68,85.81%,94.24%
="035852",AI元大,100,1.56,-,0,-,1.585%,-,-,0,奇力新,35.87% 價內,46,0.09,39,-,77.85%,-
="037402",E5國泰,0,-,-,0,-,-,-,-,0,奇力新,30.21% 價內,48,0.12,39,-,-,-
="035755",K6永豐,10,0.86,0.89,10,3.488%,3.019%,-,-,0,奇力新,16.63% 價內,53.59,0.0920,6,6.00,100.33%,119.77%
="035781",國泰1I,390,1.34,1.37,10,2.239%,3.143%,1.50,25%,1,奇力新,15.74% 價內,54,0.15,6,5.76,95.65%,108.76%
="035691",群益G8,25,1.05,1.10,10,4.762%,2.135%,-,-,0,奇力新,13.64% 價內,55,0.10,39,4.28,77.61%,84.87%
="036765",AG國泰,400,1.22,1.29,10,5.738%,2.521%,1.19,1.71%,10,奇力新,7.76% 價內,58,0.15,26,5.29,86.28%,94.01%
="035849",AF元大,0,-,-,0,-,-,-,-,0,義隆,19.85% 價內,32.50,0.20,39,-,-,-
="037142",6T富邦,50,2.61,2.68,15,2.682%,2.572%,-,-,0,義隆,14.56% 價內,34,0.45,33,5.42,58.13%,62.86%
="036053",永昌NU,10,2.15,2.23,10,3.721%,3.659%,-,-,0,義隆,11.29% 價內,35,0.50,12,7.88,59.06%,68.48%
="036407",CT永豐,10,1.77,1.87,10,5.650%,3.171%,-,-,0,義隆,10.69% 價內,35.19,0.39,24,6.61,55.79%,64.27%
="036105",凱基9Y,30,0.79,0.89,30,12.658%,4.837%,-,-,0,義隆,2.50% 價內,38,0.35,12,9.93,61.92%,72.23%
="037509",JP永豐,10,0.76,0.77,10,1.316%,2.637%,-,-,0,義隆,0.59% 價外,39.18,0.2350,39,6.37,64.85%,65.67%
="07149P",F1群益,25,1.56,1.61,10,3.205%,3.400%,1.58,-7.60%,1159,可成,0.23% 價內,220,0.10,39,-6.47,53.92%,55.64%
="07231P",兆豐MR,10,4.19,4.24,10,1.193%,1.926%,3.84,-7.47%,10,可成,13.92% 價內,255,0.10,45,-4.20,58.83%,60.75%
="06729P",CH永豐,10,1.62,1.68,10,3.704%,2.191%,-,-,0,可成,16.28% 價內,262.19,0.0370,24,-4.20,51.34%,64.62%
="06045P",8Q凱基,30,4.65,4.75,30,2.151%,2.147%,4.33,-9.22%,10,可成,17.25% 價內,265.24,0.1020,24,-4.76,33.79%,51.11%
="07135P",XS元大,100,2.67,2.72,10,1.873%,1.730%,-,-,0,可成,18.70% 價內,270,0.05,39,-3.37,57.89%,63.33%
="06773P",元富5B,25,2.25,2.31,10,2.667%,1.879%,-,-,0,可成,20.20% 價內,275.06,0.0410,24,-3.72,0.00%,57.66%
="07056P",兆豐KG,10,1.76,1.84,10,4.546%,1.673%,-,-,0,可成,20.62% 價內,276.50,0.03,34,-3.16,57.89%,74.80%
="07080P",C9國泰,30,3.10,3.20,30,3.226%,1.602%,-,-,0,可成,21.61% 價內,280,0.05,35,-3.07,58.13%,71.52%
="07022P",亞東LE,10,3.88,3.98,10,2.577%,1.583%,4.06,0.50%,30,可成,22.98% 價內,285,0.06,33,-3.06,0.00%,56.72%
="07101P",元富C2,25,1.40,1.46,12,4.286%,1.423%,-,-,0,可成,22.98% 價內,285,0.02,39,-2.41,76.62%,91.02%
="06405P",凱基K4,30,7.65,8.15,30,6.536%,1.346%,7.50,-5.06%,4,可成,25.52% 價內,294.71,0.1020,45,-2.60,41.28%,78.32%
="06786P",元富5R,25,1.97,2.01,10,2.031%,1.408%,-,-,0,可成,26.74% 價內,299.62,0.0250,24,-2.70,0.00%,65.67%
="07134P",XR元大,100,2.42,2.46,10,1.653%,1.301%,-,-,0,可成,26.83% 價內,300,0.03,39,-2.51,52.51%,66.61%
="07182P",凱基HE,30,4.02,4.12,30,2.488%,1.300%,-,-,0,可成,26.83% 價內,300,0.05,40,-2.46,47.83%,68.95%
="05616P",D3元富,25,1.70,1.74,10,2.353%,1.229%,1.75,1.74%,5,可成,28.25% 價內,305.90,0.02,45,-2.41,0.00%,57.43%
="06626P",兆豐CZ,10,2.72,2.79,10,2.574%,1.218%,-,-,0,可成,28.50% 價內,306.99,0.0310,39,-2.30,56.96%,77.85%
="06404P",凱基K3,30,10.60,11.60,30,9.434%,1.099%,-,-,0,可成,32.29% 價內,324.18,0.1020,24,-1.72,0.00%,155.66%
="06580P",群益H4,25,3.20,3.28,10,2.500%,1.069%,3.18,-4.22%,3,可成,32.29% 價內,324.18,0.0310,39,-2.05,0.00%,75.04%
="06571P",兆豐CD,10,4.67,-,0,-,0.763%,-,-,0,可成,40.73% 價內,370.35,0.0310,35,-,75.04%,-
="037081",元富9Q,25,6.90,6.95,10,0.725%,1.171%,-,-,0,兆赫,66.47% 價內,34,0.30,33,2.40,108.76%,116.25%
="037384",XH元大,100,6.45,6.80,1,5.426%,1.252%,6.75,0.75%,33,兆赫,61.71% 價內,35,0.30,39,2.42,0.00%,123.80%
="036747",EM永豐,10,3.01,3.08,10,2.326%,1.387%,-,-,0,兆赫,50.49% 價內,37.61,0.1550,26,2.75,103.14%,125.67%
="035257",元大6M,100,3.23,3.33,10,3.096%,2.127%,-,-,0,兆赫,28.20% 價內,44.15,0.2610,24,4.30,0.00%,65.67%
="035804",元大9X,100,3.23,-,0,-,2.076%,3.29,4.78%,3,華新科,37.99% 價內,12.61,0.6660,39,3.32,52.51%,-
="037262",台新97,10,4.44,-,0,-,1.016%,-,-,0,宏達電,73.94% 價內,42.60,0.14,35,-,90.03%,-
="037120",LU元大,100,3.79,-,0,-,1.106%,-,-,0,宏達電,64.67% 價內,45,0.13,33,-,0.00%,-
="037604",元富E8,25,2.56,2.64,20,3.125%,1.257%,-,-,0,宏達電,51.22% 價內,49,0.10,41,2.70,79.72%,104.08%
="037187",HC永豐,10,3.79,3.84,10,1.319%,1.275%,-,-,0,宏達電,51.19% 價內,49.01,0.15,34,2.81,67.54%,88.15%
="036721",IW元大,100,2.41,-,0,-,1.337%,-,-,0,宏達電,48.20% 價內,50,0.10,26,-,0.00%,-
="036869",凱基BF,30,2.42,2.50,30,3.306%,1.331%,-,-,0,宏達電,48.20% 價內,50,0.10,27,2.95,63.80%,111.57%
="036930",台新80,10,2.56,-,0,-,1.508%,-,-,0,宏達電,39.81% 價內,53,0.12,28,-,67.54%,-
="037659",ZW元大,100,4.42,-,0,-,1.444%,-,-,0,宏達電,39.81% 價內,53,0.20,45,-,77.85%,-
="036806",永昌18,10,3.22,-,0,-,1.499%,-,-,0,宏達電,39.29% 價內,53.20,0.15,27,-,85.34%,-
="037085",元富9U,25,2.71,2.77,20,2.214%,1.537%,-,-,0,宏達電,37.22% 價內,54,0.13,33,3.27,79.72%,92.84%
="036634",L3中信,0,-,-,0,-,-,-,-,0,宏達電,34.73% 價內,55,0.10,24,-,-,-
="036655",IH元大,100,1.92,1.95,10,1.563%,1.673%,-,-,0,宏達電,34.73% 價內,55,0.10,25,3.70,52.51%,74.10%
="036767",AI國泰,180,2.94,-,0,-,1.638%,-,-,0,宏達電,34.73% 價內,55,0.15,26,-,76.91%,-
="036991",凱基CR,30,1.95,2.05,30,5.128%,1.642%,-,-,0,宏達電,34.73% 價內,55,0.10,31,3.45,66.61%,96.11%
="037426",IZ永豐,10,2.62,2.67,10,1.908%,1.577%,-,-,0,宏達電,34.39% 價內,55.14,0.13,39,3.28,80.66%,88.62%
="036956",康和M4,10,2.41,-,0,-,1.718%,-,-,0,宏達電,31.45% 價內,56.37,0.13,31,-,75.51%,-
="036673",日盛01,25,1.98,2.02,10,2.020%,1.930%,1.99,-2.45%,20,宏達電,27.76% 價內,58,0.12,25,4.28,63.80%,75.51%
="036934",元富8V,25,2.17,2.24,20,3.226%,1.899%,-,-,0,宏達電,27.76% 價內,58,0.13,28,4.04,66.61%,81.59%
="036746",EL永豐,10,2.38,2.43,10,2.101%,1.934%,-,-,0,宏達電,27.08% 價內,58.31,0.1450,26,4.15,69.42%,79.72%
="035153",9P群益,25,3,3.10,10,3.333%,2.116%,-,-,0,宏達電,24.33% 價內,59.60,0.2010,24,4.52,60.05%,75.97%
="036495",A8國泰,330,1.53,1.60,111,4.575%,2.085%,-,-,0,宏達電,24.33% 價內,59.60,0.1010,24,4.33,68.01%,86.75%
="036590",75凱基,30,1.47,1.57,30,6.803%,2.141%,1.39,-12.58%,1,宏達電,23.50% 價內,60,0.10,24,4.78,64.73%,90.49%
="036606",HX元大,100,1.45,1.47,10,1.379%,2.171%,-,-,0,宏達電,23.50% 價內,60,0.10,24,4.81,57.66%,64.73%
="036579",元富6V,25,1.25,1.30,20,4.000%,2.420%,1.29,-3.01%,570,宏達電,17.62% 價內,63,0.10,24,4.81,72.23%,82.30%
="035239",元大6F,100,1.45,1.55,10,6.897%,2.841%,-,-,0,宏達電,14.76% 價內,64.57,0.1410,24,6.01,51.11%,66.37%
="036667",81凱基,30,1.08,1.15,30,6.482%,2.661%,-,-,0,宏達電,14.00% 價內,65,0.10,25,5.29,67.54%,79.72%
="036515",DC永豐,10,1.06,1.09,10,2.830%,3.084%,1.14,-0.87%,10,宏達電,10.66% 價內,66.96,0.1210,24,6.18,58.13%,62.39%
="035473",兆豐AW,10,0.86,0.89,10,3.488%,2.771%,-,-,0,宏達電,7.05% 價內,69.22,0.1010,31,5.77,68.01%,71.76%
="034624",元大1W,100,0.56,0.65,10,16.071%,2.839%,-,-,0,宏達電,2.89% 價內,72.02,0.0810,45,5.94,55.85%,66.84%
="036262",台新54,10,0.42,0.43,10,2.381%,4.721%,0.43,-10.42%,50,宏達電,0.80% 價內,73.51,0.1110,24,10.60,45.32%,46.55%
="034119",9Y元大,100,0.14,0.24,10,71.429%,3.538%,-,-,0,宏達電,0.54% 價外,74.50,0.03,32,6.25,54.62%,92.60%
="035260",元大6R,100,0.52,0.62,10,19.231%,4.107%,-,-,0,宏達電,0.54% 價外,74.50,0.1310,24,8.80,54.03%,64.03%
="035679",元富86,25,0.22,0.25,25,13.636%,6.842%,-,-,0,宏達電,0.54% 價外,74.50,0.1010,4,15.45,75.80%,85.34%
="035914",AF永豐,10,0.32,0.42,10,31.250%,6.308%,0.43,-12.24%,20,宏達電,0.86% 價外,74.74,0.1360,8,11.30,59.88%,76.56%
="06637P",凱基7P,30,1.15,1.17,30,1.739%,3.622%,1.18,0%,129,長榮,17.41% 價內,13.50,0.50,8,-4.57,0.00%,0.00%
="05964P",國泰MJ,30,4.09,-,0,-,0.812%,-,-,0,陽明,34.60% 價內,11.82,1,4,-,120.05%,-
="037284",NR元大,100,0.41,0.42,100,2.439%,5.516%,0.41,-8.89%,214,華航,1.82% 價內,11,0.45,39,7.11,54.85%,56.49%
="07011P",元富9P,50,0.55,0.56,25,1.818%,4.166%,0.56,5.66%,85,華航,1.82% 價外,11,0.70,32,-5.91,67.54%,68.48%
="06524P",群益D3,25,1.97,2.04,10,3.553%,1.833%,-,-,0,萬海,21.82% 價內,22,0.40,31,-2.86,61.92%,78.78%
="06633P",AN永豐,10,1.27,1.31,10,3.150%,4.133%,1.27,13.39%,5,長榮航,11.91% 價內,19.98,0.5150,8,-6.48,67.54%,80.66%
="06709P",元富3T,25,1.41,1.45,10,2.837%,3.119%,-,-,0,長榮航,14.15% 價內,20.50,0.45,24,-4.54,59.53%,66.61%
="034795",7T群益,25,1.82,1.92,10,5.495%,7.832%,-,-,0,F-美食,18.06% 價內,180,0.05,24,4.87,72.58%,86.51%
="06869P",ED永豐,10,0.76,0.79,10,3.947%,5.346%,0.79,11.27%,3,中壽,1.22% 價內,22.88,0.59,25,-8.60,48.30%,50.64%
="06925P",97凱基,30,0.61,0.62,30,1.639%,6.023%,0.64,8.47%,122,中壽,1.74% 價內,23,0.50,26,-9.48,41.75%,42.69%
="06945P",元富8Q,25,1.19,1.29,10,8.403%,4.351%,-,-,0,中壽,9.60% 價內,25,0.45,27,-6.29,40.81%,52.51%
="06881P",元富7L,25,3.02,3.06,10,1.325%,1.437%,3.14,5.72%,89,富邦金,23.91% 價內,46,0.28,25,-3.12,0.00%,0.00%
="07156P",元富D5,25,2.17,2.20,10,1.383%,1.426%,2.26,5.12%,60,富邦金,23.91% 價內,46,0.20,39,-2.98,0.00%,45.03%
="06917P",89凱基,30,2.47,2.55,30,3.239%,1.255%,2.52,1.61%,73,富邦金,26.32% 價內,47.50,0.20,26,-2.59,0.00%,78.78%
="06486P",元大4W,100,6.45,6.50,10,0.775%,1.202%,6.25,3.31%,15,富邦金,27.08% 價內,48,0.50,24,-2.59,0.00%,52.51%
="06660P",BB永豐,10,4.59,4.67,10,1.743%,1.148%,4.68,1.52%,28,富邦金,28.07% 價內,48.66,0.34,11,-2.49,0.00%,105.01%
="06665P",元富2M,25,6.90,6.95,10,0.725%,1.123%,7.10,4.41%,30,富邦金,28.57% 價內,49,0.50,11,-2.46,0.00%,0.00%
="07055P",兆豐JX,10,4.12,4.17,10,1.214%,1.129%,4.29,4.13%,40,富邦金,28.57% 價內,49,0.30,34,-2.37,0.00%,0.00%
="07043P",B9國泰,180,2.93,3.03,100,3.413%,1.058%,2.98,1.71%,46,富邦金,29.72% 價內,49.80,0.20,33,-2.17,0.00%,84.40%
="06642P",凱基7V,30,4.46,4.52,30,1.345%,1.043%,4.54,5.83%,91,富邦金,30.00% 價內,50,0.30,8,-2.27,0.00%,120.05%
="07191P",H3群益,25,2.21,2.25,10,1.810%,1.052%,2.29,4.09%,188,富邦金,30.00% 價內,50,0.15,41,-2.25,0.00%,54.38%
="06673P",國票GP,300,4.99,5,10,0.200%,0.870%,-,-,0,富邦金,33.96% 價內,53,0.28,12,-1.92,0.00%,0.00%
="06485P",元大4V,100,3.95,4.05,10,2.532%,3.029%,4,-5.66%,354,國泰金,10.26% 價內,38,1,24,-7.52,28.13%,35.67%
="07054P",兆豐JW,10,1.77,1.82,10,2.825%,2.161%,-,-,0,國泰金,14.75% 價內,40,0.30,34,-5.09,29.07%,40.35%
="07226P",J3群益,25,1.87,1.90,10,1.604%,1.947%,1.92,-3.03%,25,國泰金,14.75% 價內,40,0.30,45,-4.38,42.22%,45.03%
="06905P",元富7Z,25,1.95,2.05,10,5.128%,1.827%,-,-,0,國泰金,18.81% 價內,42,0.25,26,-3.92,0.00%,62.86%
="06981P",日盛20,25,2.36,2.41,10,2.119%,1.779%,2.35,-6%,15,國泰金,18.81% 價內,42,0.30,31,-4.08,0.00%,48.77%
="06915P",87凱基,30,2.51,2.61,30,3.984%,1.722%,2.69,5.91%,5,國泰金,19.77% 價內,42.50,0.30,26,-3.45,30.05%,65.67%
="06775P",元富5D,25,2.75,2.85,10,3.636%,1.103%,-,-,0,國泰金,28.96% 價內,48,0.20,24,-2.28,0.00%,96.58%
="06902P",元富7W,25,1.97,2,10,1.523%,1.576%,-,-,0,開發金,21.89% 價內,9,1,26,-3.46,30.05%,60.05%
="06938P",凱基AU,30,0.77,0.87,30,12.987%,6.353%,-,-,0,玉山金,6.47% 價內,17,0.60,27,-8.21,32.86%,44.09%
="06918P",90凱基,30,1.42,1.49,30,4.930%,2.832%,-,-,0,元大金,21.54% 價內,13,0.50,26,-3.18,58.13%,84.40%
="06942P",元富8M,25,2.55,2.62,10,2.745%,2.839%,2.64,-1.86%,38,元大金,21.54% 價內,13,0.90,27,-3.29,56.26%,71.29%
="06643P",凱基7W,30,2.62,2.71,30,3.435%,2.678%,-,-,0,元大金,22.43% 價內,13.15,0.8720,8,-3.13,112.51%,150.04%
="06940P",凱基AW,30,1.35,1.39,30,2.963%,4.718%,1.45,9.85%,42,兆豐金,9.48% 價內,21.32,0.6050,27,-6.64,40.35%,45.03%
="06939P",凱基AV,30,1.92,1.96,30,2.083%,1.778%,1.96,3.70%,130,永豐金,19.50% 價內,10,1,27,-3.92,0.00%,45.03%
="07052P",兆豐JU,10,1.91,1.95,10,2.094%,3.846%,1.91,-4.02%,167,中信金,14.12% 價內,17,0.80,34,-5.77,22.53%,33.79%
="06943P",元富8N,50,1.50,1.53,14,2.000%,3.115%,1.53,1.32%,129,中信金,17.05% 價內,17.60,0.50,27,-4.46,37.54%,48.77%
="06487P",元大4X,100,3.66,3.76,10,2.732%,2.862%,3.76,3.01%,89,中信金,18.35% 價內,17.88,1.1190,24,-4.14,30.05%,56.26%
="06986P",凱基CG,30,2.69,2.79,30,3.718%,2.781%,2.83,4.04%,160,中信金,18.89% 價內,18,0.80,31,-3.86,0.00%,52.51%
="06828P",46凱基,30,3.21,3.31,30,3.115%,1.751%,3.27,0.62%,150,中信金,27.00% 價內,20,0.60,24,-2.56,0.00%,86.28%
="037340",凱基FQ,30,0.80,0.83,30,3.750%,4.921%,-,-,0,遠百,6.33% 價內,15,0.50,39,6.60,51.58%,54.38%
="036281",3L富邦,10,0.64,0.65,10,1.563%,5.241%,0.63,-8.70%,182,神基,4.06% 價內,18.74,0.32,45,6.15,58.36%,59.53%
="037419",兆豐LB,10,0.40,0.41,10,2.500%,4.805%,0.43,-12.24%,40,神基,-,19.50,0.23,39,5.70,67.54%,69.18%
="036337",28凱基,30,0.54,0.57,30,5.556%,5.993%,0.58,-7.94%,41,神基,0.92% 價外,19.68,0.4270,24,7.37,66.61%,70.12%
="037285",NS元大,100,0.67,0.72,10,7.463%,4.235%,-,-,0,晶豪科,4.00% 價內,25,0.25,39,5.76,63.56%,69.65%
="037252",HQ永豐,10,0.66,0.67,10,1.515%,3.774%,-,-,0,晶豪科,1.84% 價內,25.53,0.24,35,5.45,77.85%,79.25%
="06793P",CX永豐,10,0.87,0.91,10,4.598%,2.880%,-,-,0,大立光,5.53% 價內,2111.78,0.0040,24,-5.14,72.65%,77.61%
="06734P",DV元大,100,1.83,1.89,10,3.279%,2.956%,1.73,0.58%,566,大立光,7.73% 價內,2162.09,0.0080,24,-6.11,60.80%,64.76%
="07012P",GC永豐,10,1.04,1.06,10,1.923%,2.055%,-,-,0,大立光,11.04% 價內,2242.50,0.0030,32,-3.61,80.14%,83.13%
="06999P",EJ統一,20,1.13,1.20,10,6.195%,2.006%,-,-,0,大立光,13.26% 價內,2300,0.0030,32,-3.49,74.06%,85.07%
="06787P",元富5S,25,1.89,-,0,-,2.226%,-,-,0,大立光,15.42% 價內,2358.65,0.0050,24,-,53.51%,-
="06805P",日盛ND,25,1.47,1.57,10,6.803%,2.291%,1.57,-2.48%,5,大立光,15.42% 價內,2358.65,0.0040,24,-4.26,40.81%,65.13%
="07057P",兆豐KJ,10,1.25,1.34,10,7.200%,1.896%,-,-,0,大立光,15.57% 價內,2363,0.0030,34,-3.37,66.89%,81.79%
="06962P",M8中信,30,0.94,1.04,10,10.638%,1.797%,-,-,0,大立光,16.88% 價內,2400,0.0020,28,-2.85,86.57%,112.48%
="06769P",元富4X,25,2.31,-,0,-,1.958%,-,-,0,大立光,18.80% 價內,2456.93,0.0050,24,-,41.57%,-
="06797P",A4國泰,360,1.39,1.44,10,3.597%,1.952%,-,-,0,大立光,18.80% 價內,2456.93,0.0030,24,-3.68,44.85%,66.01%
="06778P",CP永豐,10,1.62,1.70,10,4.938%,1.740%,-,-,0,大立光,20.92% 價內,2522.77,0.0030,24,-3.01,65.73%,88.96%
="06771P",元富4Z,25,2.79,-,0,-,1.711%,-,-,0,大立光,21.92% 價內,2555.20,0.0050,24,-,35.67%,-
="07013P",GD永豐,10,1.25,1.29,10,3.200%,1.477%,-,-,0,大立光,22.90% 價內,2587.50,0.0020,32,-2.52,78.43%,91.06%
="06980P",KD元大,100,1.24,1.33,10,7.258%,1.506%,-,-,0,大立光,23.27% 價內,2600,0.0020,31,-2.60,66.62%,97.92%
="06967P",ED統一,20,1.32,1.40,10,6.061%,1.437%,-,-,0,大立光,24.31% 價內,2635.60,0.0020,31,-2.40,73.09%,100.52%
="06444P",8V群益,25,3.86,3.96,10,2.591%,1.545%,3.86,-1.03%,4,大立光,24.82% 價內,2653.48,0.0060,24,-2.98,0.00%,58.60%
="06758P",國泰2K,260,1.95,2.04,10,4.615%,1.529%,-,-,0,大立光,24.82% 價內,2653.48,0.0030,24,-2.70,0.00%,85.91%
="06770P",元富4Y,25,3.23,-,0,-,1.539%,3.23,-14.78%,5,大立光,24.82% 價內,2653.48,0.0050,24,-2.90,0.00%,-
="06782P",K5中信,30,1.32,1.42,10,7.576%,1.506%,1.32,-6.38%,10,大立光,24.82% 價內,2653.48,0.0020,24,-2.64,58.60%,110.05%
="05657P",LX富邦,10,2.23,-,0,-,1.251%,-,-,0,大立光,27.50% 價內,2751.76,0.0030,45,-,0.00%,-
="06732P",DT元大,100,2.26,2.35,10,3.982%,1.359%,-,-,0,大立光,27.50% 價內,2751.76,0.0030,24,-2.41,0.00%,98.40%
="06759P",國泰2L,230,2.23,2.33,10,4.484%,1.377%,-,-,0,大立光,27.50% 價內,2751.76,0.0030,24,-2.39,0.00%,91.87%
="06772P",元富5A,25,3.71,-,0,-,1.380%,-,-,0,大立光,27.50% 價內,2751.76,0.0050,24,-,0.00%,-
="06994P",兆豐JD,10,4.66,-,0,-,1.110%,-,-,0,大立光,32.03% 價內,2935.10,0.0050,31,-,0.00%,-
="05659P",LZ富邦,10,1.87,2.20,1,17.647%,1.055%,2.20,17.02%,1,大立光,32.33% 價內,2948.31,0.0020,45,-1.67,0.00%,142.73%
="06064P",9B凱基,30,4.34,4.44,30,2.304%,0.993%,-,-,0,大立光,35.56% 價內,3095.73,0.0040,24,-1.73,0.00%,100.80%
="06422P",AF統一,10,2.36,2.46,10,4.237%,0.877%,-,-,0,大立光,37.67% 價內,3200.69,0.0020,45,-1.56,0.00%,94.53%
="06065P",9C凱基,30,2.76,2.86,30,3.623%,0.791%,2.76,-2.82%,4,大立光,41.16% 價內,3390.56,0.0020,24,-1.34,0.00%,148.51%
="06418P",8F群益,25,4.57,4.67,10,2.188%,0.719%,4.59,-1.08%,28,大立光,43.61% 價內,3537.97,0.0030,24,-1.25,0.00%,131.71%
="036717",IS元大,100,2.11,-,0,-,1.562%,-,-,0,奇鋐,44.05% 價內,19.16,0.25,26,-,0.00%,-
="037253",HR永豐,10,2.50,2.59,10,3.600%,1.659%,-,-,0,奇鋐,35.76% 價內,20.33,0.3240,35,3.13,88.15%,103.14%
="037571",YY元大,100,2.40,2.50,10,4.167%,1.854%,-,-,0,奇鋐,28.02% 價內,21.56,0.3650,40,3.53,75.04%,87.21%
="037622",KU永豐,10,1.96,2.04,10,4.082%,1.949%,-,-,0,奇鋐,19.69% 價內,23.06,0.3390,41,3.64,87.21%,95.65%
="035529",元大7Z,100,0.86,0.96,10,11.628%,2.632%,-,-,0,奇鋐,15.19% 價內,23.96,0.2070,31,5.01,57.66%,78.78%
="036083",BD永豐,10,1.23,1.30,10,5.691%,3.294%,-,-,0,奇鋐,12.88% 價內,24.45,0.3440,12,6.20,78.78%,93.77%
="036146",群益K9,25,1.48,1.55,10,4.730%,2.203%,1.49,6.43%,10,奇鋐,10.80% 價內,24.91,0.3340,42,4.31,80.19%,86.75%
="035154",9Q群益,25,0.95,1.05,10,10.526%,3.190%,-,-,0,奇鋐,2.87% 價內,26.83,0.3760,24,6.20,75.27%,84.87%
="033510",國泰NR,499,0.55,0.57,10,3.636%,4.242%,-,-,0,奇鋐,1.10% 價內,27.30,0.3130,24,8.66,56.26%,58.60%
="031262",日盛Y5,25,0.23,0.25,10,8.696%,8.574%,0.24,26.32%,371,奇鋐,0.68% 價外,27.79,0.3130,5,17.04,63.33%,68.25%
="037309",IJ永豐,10,1.66,1.70,10,2.410%,2.318%,-,-,0,信邦,20.02% 價內,50.66,0.1420,39,4.19,68.95%,74.10%
="035787",凱基6X,30,1.39,1.46,30,5.036%,2.844%,-,-,0,信邦,19.45% 價內,50.90,0.14,6,5.53,60.05%,119.06%
="036656",II元大,100,1.67,1.75,10,4.790%,2.690%,-,-,0,信邦,19.45% 價內,50.90,0.1620,25,5.05,52.51%,68.48%
="036973",KM元大,100,0.97,0.98,25,1.031%,3.569%,0.97,-6.73%,734,信邦,1.06% 價內,60.16,0.2160,31,7.60,58.36%,59.06%
="06844P",康和L8,10,0.34,0.36,10,5.882%,2.737%,-,-,0,德律,1.08% 價外,43.68,0.12,24,-6.64,68.25%,71.99%
="037712",兆豐MW,10,0.95,1,10,5.263%,4.257%,1,6.38%,34,聯詠,11.85% 價內,105.50,0.06,45,5.31,50.47%,56.84%
="036540",HA元大,100,0.60,0.63,10,5.000%,6.416%,-,-,0,聯詠,7.27% 價內,110,0.06,24,8.52,41.98%,47.13%
="037583",凱基HH,30,0.84,0.94,30,11.905%,4.760%,-,-,0,聯詠,5.36% 價內,112,0.07,40,5.95,56.08%,65.85%
="036451",永昌05,10,0.79,0.84,10,6.329%,6.634%,-,-,0,聯詠,2.61% 價內,115,0.10,24,8.71,51.93%,56.14%
="036027",元富2G,25,0.23,0.27,20,17.391%,11.977%,-,-,0,聯詠,1.67% 價外,120,0.0750,11,15.77,47.80%,54.33%
="037254",HT永豐,10,1.30,1.35,10,3.846%,2.636%,1.26,-1.56%,40,智原,9.89% 價內,37.31,0.2430,35,5.68,64.50%,69.18%
="036301",EP元大,100,0.26,0.36,10,38.462%,4.773%,-,-,0,智原,0.49% 價內,40.80,0.1320,24,9.50,43.91%,61.92%
="06344P",凱基E4,30,0.91,0.94,30,3.297%,4.031%,-,-,0,智原,8.65% 價內,44.88,0.2210,7,-8.11,59.53%,68.95%
="037373",元富B5,25,0.79,0.80,25,1.266%,3.645%,-,-,0,欣興,0.40% 價外,12.50,0.65,39,5.55,75.51%,76.44%
="037394",凱基GF,30,0.73,0.83,30,13.699%,4.856%,-,-,0,欣興,0.40% 價外,12.50,0.80,39,6.82,56.72%,64.27%
="06946P",元富8R,50,0.56,0.57,10,1.786%,3.904%,-,-,0,欣興,0.40% 價內,12.50,0.50,27,-5.09,81.13%,82.53%
="720523",Y5兆豐,10,2.56,-,0,-,1.163%,-,-,0,穩懋,51.73% 價內,32.92,0.15,40,-,0.00%,-
="720522",S2元富,25,3.44,3.49,20,1.454%,1.155%,-,-,0,穩懋,51.36% 價內,33,0.20,39,2.75,75.04%,90.03%
="720549",QZ元大,499,2.44,2.47,10,1.230%,1.214%,2.59,0.39%,10,穩懋,46.91% 價內,34,0.15,41,2.73,73.16%,84.40%
="720536",R9國泰,170,3.09,-,0,-,1.273%,-,-,0,穩懋,43.21% 價內,34.88,0.20,40,-,73.16%,-
="720559",凱基SG,30,3.15,3.25,30,3.175%,1.247%,-,-,0,穩懋,42.71% 價內,35,0.20,41,2.80,90.03%,105.95%
="720577",S7元富,25,3.09,3.13,20,1.295%,1.266%,-,-,0,穩懋,42.71% 價內,35,0.20,45,2.98,74.10%,82.53%
="720516",RL永豐,10,2.26,2.32,10,2.655%,1.300%,-,-,0,穩懋,40.11% 價內,35.65,0.15,39,2.94,87.21%,100.80%
="720525",S3元富,25,2.87,2.92,20,1.742%,1.359%,-,-,0,穩懋,38.75% 價內,36,0.20,40,3.21,69.42%,80.66%
="720568",群益UX,25,2.36,2.45,10,3.814%,1.567%,-,-,0,穩懋,28.21% 價內,38.96,0.20,45,3.62,65.67%,77.85%
="720231",P6國泰,280,1.79,1.87,10,4.469%,1.916%,-,-,0,穩懋,25.41% 價內,39.83,0.1730,12,4.34,84.40%,115.32%
="720566",RG元大,499,2.27,2.31,10,1.762%,1.591%,-,-,0,穩懋,24.88% 價內,40,0.20,45,3.63,75.51%,79.72%
="720085",國泰XP,340,1.49,1.56,10,4.698%,2.320%,-,-,0,穩懋,20.33% 價內,41.51,0.1730,4,5.28,116.25%,164.09%
="720584",SB永豐,10,1.40,1.44,10,2.857%,1.652%,-,-,0,穩懋,16.82% 價內,42.76,0.14,45,3.67,86.75%,91.90%
="720183",X5永豐,10,1.26,1.36,10,7.937%,2.790%,-,-,0,穩懋,15.68% 價內,43.18,0.1810,8,6.16,69.42%,107.35%
="719974",V7兆豐,10,1.16,1.21,10,4.310%,2.393%,1.29,13.16%,1,穩懋,12.53% 價內,44.39,0.1730,31,5.15,56.72%,63.33%
="719972",台新Q1,8,0.62,0.68,10,9.677%,3.969%,0.67,-12.99%,38,穩懋,1.42% 價內,49.25,0.2160,31,9.23,42.57%,47.48%
="720206",元大TE,100,1.22,1.23,50,0.820%,2.420%,1.25,-7.41%,292,穩懋,1.42% 價內,49.25,0.2590,40,5.92,65.55%,66.14%
="720277",VX第一,10,1.30,1.40,10,7.692%,3.198%,-,-,0,弘塑,12.93% 價內,177.10,0.0460,24,5.21,71.06%,84.64%
="720098",SR日盛,25,0.24,0.27,10,12.500%,8.236%,-,-,0,弘塑,5.26% 價內,190,0.0220,4,14.13,49.70%,72.75%
="72091P",群益QD,25,2.13,2.23,10,4.695%,2.844%,2.18,-5.63%,1,璟德,15.53% 價內,211.90,0.0620,10,-4.40,84.40%,106.42%
="720467",QX永豐,10,0.60,0.62,10,3.333%,2.045%,0.62,0%,25,波若威,6.14% 價內,29.96,0.13,34,4.26,95.41%,99.63%
="037545",兆豐MJ,10,0.77,0.78,10,1.299%,3.795%,-,-,0,景碩,3.67% 價內,60,0.15,40,7.50,47.83%,48.65%
="036229",DJ元大,100,0.50,0.51,10,2.000%,5.840%,0.47,-4.08%,163,景碩,2.10% 價內,60.92,0.16,24,12.86,37.83%,38.82%
="037028",6E富邦,10,0.33,0.34,10,3.030%,3.968%,-,-,0,景碩,1.27% 價外,63,0.10,31,9.24,49.88%,51.25%
="720551",RB元大,100,1.28,1.37,10,7.031%,1.857%,-,-,0,原相,26.91% 價內,55,0.08,41,3.58,68.71%,89.09%
="720463",QV永豐,10,1.24,1.27,10,2.419%,2.203%,1.29,2.38%,10,原相,18.49% 價內,58.91,0.0960,33,4.16,75.97%,81.24%
="720440",PU元大,100,0.69,0.79,10,14.493%,2.762%,-,-,0,原相,13.00% 價內,61.77,0.0720,31,5.20,57.19%,79.25%
="720562",TU日盛,499,0.93,0.94,10,1.075%,2.374%,-,-,0,原相,7.39% 價內,65,0.10,45,4.95,69.18%,70.24%
="720581",T2元富,25,0.54,0.56,10,3.704%,2.329%,-,-,0,原相,1.16% 價內,69,0.0720,45,5.22,72.05%,74.92%
="037002",兆豐JH,10,1,1.05,10,5.000%,3.547%,-,-,0,緯創,15.00% 價內,15,0.40,31,5.58,51.58%,60.99%
="037066",永昌23,10,2.01,2.06,10,2.488%,3.516%,-,-,0,緯創,15.00% 價內,15,0.80,32,5.65,52.51%,56.26%
="037143",6U富邦,50,2.45,2.53,15,3.265%,3.592%,-,-,0,緯創,15.00% 價內,15,1,33,5.88,45.03%,52.51%
="037058",康和M5,10,1.04,1.14,10,9.615%,3.667%,-,-,0,緯創,12.67% 價內,15.31,0.45,32,5.52,54.38%,68.95%
="037056",凱基CX,30,1.53,1.59,30,3.922%,3.765%,-,-,0,緯創,11.29% 價內,15.50,0.70,32,5.92,55.32%,60.99%
="037090",GG永豐,10,1.10,1.11,10,0.909%,3.635%,1.04,11.83%,42,緯創,9.45% 價內,15.76,0.51,33,6.07,63.33%,64.73%
="036605",HW元大,100,0.44,0.46,10,4.546%,6.224%,-,-,0,緯創,4.55% 價內,16.50,0.40,24,10.67,37.30%,40.35%
="06619P",AE元大,100,0.58,0.60,10,3.448%,4.205%,0.61,-4.69%,10,緯創,2.93% 價內,17.77,0.4390,39,-6.74,45.96%,48.07%
="718870",統一QR,20,1.09,1.18,10,8.257%,2.053%,-,-,0,光環,22.53% 價內,65.29,0.0710,26,4.40,60.05%,88.39%
="720490",凱基RW,30,1.56,1.60,30,2.564%,2.292%,1.34,6.35%,20,威剛,21.11% 價內,27,0.25,39,5.20,59.53%,66.14%
="720539",TS日盛,25,0.90,0.92,10,2.222%,2.982%,0.68,-6.85%,10,威剛,2.19% 價內,32,0.30,41,8.45,60.05%,61.46%
="720517",RM永豐,10,0.64,0.65,10,1.563%,2.808%,0.62,31.91%,88,威剛,0.31% 價外,32.80,0.2350,39,6.68,64.03%,65.08%
="720292",元大VX,100,0.72,0.82,10,13.889%,4.382%,-,-,0,欣銓,11.23% 價內,18.25,0.3290,24,7.08,37.07%,59.53%
="720460",R8元富,25,1.25,1.35,10,8.000%,4.144%,-,-,0,欣銓,5.95% 價內,19.16,0.6580,33,6.92,51.58%,58.60%
="720496",RG永豐,10,0.78,0.84,10,7.692%,3.696%,-,-,0,欣銓,2.63% 價內,19.78,0.4270,39,6.36,58.60%,63.80%
="720257",PB永豐,10,0.54,0.55,10,1.852%,3.501%,0.56,-1.75%,100,宜特,7.85% 價內,76.31,0.0410,45,3.97,88.12%,90.41%
="720468",QY永豐,10,5.85,6.35,10,8.547%,1.900%,-,-,0,鈊象,109.29% 價內,67.85,0.0780,34,1.70,140.67%,260.67%
="720545",QU元大,100,4.35,-,0,-,2.055%,-,-,0,鈊象,94.52% 價內,73,0.0630,41,-,0.00%,-
="720561",RZ永豐,10,3.92,4.02,10,2.551%,2.370%,4.05,-6.25%,4,鈊象,65.99% 價內,85.55,0.0670,45,2.21,110.16%,130.36%
="720308",PN永豐,10,4.02,4.10,1,1.990%,2.760%,4.10,-6.82%,2,鈊象,53.78% 價內,92.34,0.0790,24,2.62,116.25%,136.92%
="720280",元富QG,25,4.06,4.14,10,1.970%,2.889%,4.06,-8.56%,17,鈊象,49.55% 價內,94.95,0.0840,24,2.82,110.63%,129.89%
="720268",UM元大,100,3.40,-,0,-,2.994%,3.66,3.10%,1,鈊象,48.82% 價內,95.42,0.0730,24,2.81,0.00%,-
="720355",元證SN,100,3.44,3.54,10,2.907%,3.962%,-,-,0,鈊象,29.40% 價內,109.74,0.1050,24,3.99,60.05%,81.13%
="720185",X7永豐,10,1.88,1.98,10,5.319%,4.778%,-,-,0,鈊象,24.32% 價內,114.22,0.0650,8,4.44,116.72%,153.55%
="719578",凱基Z2,30,1.50,1.53,30,2.000%,4.706%,1.53,-7.83%,40,鈊象,24.01% 價內,114.51,0.0520,10,4.55,108.53%,121.46%
="720235",TE日盛,25,2.14,2.19,10,2.336%,4.244%,2.21,-11.60%,70,鈊象,24.01% 價內,114.51,0.0730,24,4.28,76.21%,85.11%
="719924",元大VE,100,0.87,0.92,100,5.747%,6.094%,0.94,5.62%,1491,鈊象,10.23% 價內,128.82,0.0520,25,5.94,59.59%,67.66%
="036538",GY元大,100,3.28,-,0,-,2.065%,-,-,0,新日興,54.67% 價內,75,0.08,24,-,0.00%,-
="035475",兆豐BA,0,-,-,0,-,-,-,-,0,新日興,44.78% 價內,80.12,0.1050,31,-,-,-
="035360",元大6X,100,2.53,-,0,-,2.753%,-,-,0,新日興,35.14% 價內,85.84,0.0840,25,-,0.00%,-
="037188",HD永豐,10,2.87,2.97,10,3.484%,2.682%,-,-,0,新日興,33.95% 價內,86.60,0.0950,34,3.45,66.61%,85.81%
="035963",國票GH,25,3.07,3.08,10,0.326%,2.899%,-,-,0,新日興,33.66% 價內,86.79,0.1050,8,3.82,30.05%,93.77%
="037664",元富F9,25,2.86,2.94,10,2.797%,2.714%,-,-,0,新日興,30.34% 價內,89,0.10,45,3.54,65.44%,75.51%
="035789",凱基6Z,60,1.86,1.96,60,5.376%,3.326%,-,-,0,新日興,28.02% 價內,90.61,0.0730,6,4.17,90.03%,169.25%
="033938",富邦3B,10,1.55,1.63,10,5.161%,3.616%,-,-,0,新日興,21.62% 價內,95.38,0.0730,26,4.79,51.58%,71.52%
="035724",元大9B,100,1.49,1.59,10,6.711%,3.846%,-,-,0,新日興,15.84% 價內,100.14,0.0840,39,5.18,49.47%,61.34%
="037310",IK永豐,10,0.67,0.69,10,2.985%,2.437%,-,-,0,創意,0.53% 價內,60.38,0.1060,39,5.31,77.15%,79.55%
="037047",LK元大,100,0.39,0.40,100,2.564%,4.346%,0.40,0%,104,聯鈞,2.17% 價內,115,0.0340,32,5.84,73.19%,75.33%
="037127",MB元大,499,4.02,-,0,-,1.009%,-,-,0,華亞科,89.33% 價內,15,0.30,33,-,0.00%,-
="035725",元大9C,499,3.10,-,0,-,1.090%,-,-,0,華亞科,77.50% 價內,16,0.25,39,-,0.00%,-
="035989",凱基8T,30,4.58,4.68,30,2.183%,1.181%,-,-,0,華亞科,67.06% 價內,17,0.40,40,2.40,60.05%,108.76%
="035938",日盛MD,25,5.45,5.95,10,9.174%,1.240%,-,-,0,華亞科,62.29% 價內,17.50,0.50,8,2.32,0.00%,337.53%
="035437",元大7P,499,2.08,-,0,-,1.300%,-,-,0,華亞科,57.78% 價內,18,0.20,31,-,0.00%,-
="035890",兆豐CQ,10,3.14,-,0,-,1.292%,-,-,0,華亞科,57.78% 價內,18,0.30,39,-,67.54%,-
="037105",台新88,10,3.64,-,0,-,1.300%,-,-,0,華亞科,57.78% 價內,18,0.35,33,-,0.00%,-
="035614",凱基6A,30,3.32,3.42,30,3.012%,1.425%,-,-,0,華亞科,49.47% 價內,19,0.35,32,2.82,75.04%,105.01%
="036169",國泰1W,110,4.74,-,0,-,1.426%,-,-,0,華亞科,49.47% 價內,19,0.50,24,-,82.53%,-
="035964",元富1S,25,3.12,3.22,10,3.205%,1.517%,-,-,0,華亞科,45.64% 價內,19.50,0.35,8,3.04,60.05%,191.27%
="036003",國泰1N,100,5.45,-,0,-,1.488%,-,-,0,華亞科,45.64% 價內,19.50,0.60,40,-,75.04%,-
="035717",台新37,10,2.94,-,0,-,1.610%,-,-,0,華亞科,42.00% 價內,20,0.35,5,-,0.00%,-
="035742",元富92,25,3.36,3.46,10,2.976%,1.610%,-,-,0,華亞科,42.00% 價內,20,0.40,5,3.27,0.00%,217.51%
="035892",兆豐CT,10,2.56,-,0,-,1.584%,-,-,0,華亞科,42.00% 價內,20,0.30,39,-,63.80%,-
="036122",CX元大,499,4.21,-,0,-,1.606%,-,-,0,華亞科,42.00% 價內,20,0.50,24,-,30.05%,-
="036918",JZ元大,499,2.53,-,0,-,1.603%,-,-,0,華亞科,42.00% 價內,20,0.30,28,-,30.05%,-
="037491",凱基GY,30,4.28,4.38,30,2.336%,1.579%,-,-,0,華亞科,42.00% 價內,20,0.50,39,3.11,67.54%,86.28%
="035155",9R群益,25,4.81,4.82,10,0.208%,1.687%,4.82,-0.41%,30,華亞科,38.54% 價內,20.50,0.60,24,3.45,75.04%,78.78%
="035901",群益I4,25,5.70,5.75,10,0.877%,1.660%,-,-,0,華亞科,38.54% 價內,20.50,0.70,39,3.28,71.29%,75.04%
="036070",康和L6,10,2.73,-,0,-,1.733%,-,-,0,華亞科,37.73% 價內,20.62,0.35,12,-,60.05%,-
="036443",日盛NH,25,3.83,3.93,10,2.611%,1.765%,-,-,0,華亞科,36.54% 價內,20.80,0.50,24,3.53,60.05%,90.03%
="035003",凱基1D,30,2.62,2.72,30,3.817%,1.806%,-,-,0,華亞科,35.24% 價內,21,0.35,24,3.51,67.54%,97.52%
="035498",元大7U,499,2.24,-,0,-,1.811%,2.25,-3.02%,5,華亞科,35.24% 價內,21,0.30,31,3.57,52.51%,-
="035596",元大8G,499,3.01,-,0,-,1.797%,-,-,0,華亞科,35.24% 價內,21,0.40,32,-,63.80%,-
="036195",元富3Q,25,3.02,3.12,10,3.311%,1.791%,-,-,0,華亞科,35.24% 價內,21,0.40,24,3.47,75.04%,101.27%
="036807",永昌19,10,3.81,-,0,-,1.774%,-,-,0,華亞科,35.24% 價內,21,0.50,27,-,78.78%,-
="036188",BT統一,20,1.93,2.03,10,5.181%,1.751%,-,-,0,華亞科,34.79% 價內,21.07,0.25,45,3.19,71.29%,91.90%
="035711",J8永豐,10,3.06,3.16,10,3.268%,1.944%,-,-,0,華亞科,32.40% 價內,21.45,0.44,5,3.94,60.05%,180.03%
="036112",兆豐DD,10,3.64,-,0,-,1.857%,-,-,0,華亞科,32.09% 價內,21.50,0.50,42,-,69.42%,-
="036536",元富6N,25,3.55,3.65,10,2.817%,1.904%,-,-,0,華亞科,32.09% 價內,21.50,0.50,24,3.65,78.78%,93.77%
="036026",元富2F,25,3.23,3.33,10,3.096%,2.093%,-,-,0,華亞科,29.09% 價內,22,0.50,11,4.14,82.53%,116.25%
="036904",日盛17,25,3.29,3.39,10,3.040%,2.055%,-,-,0,華亞科,29.09% 價內,22,0.50,28,3.94,63.80%,80.66%
="035510",AS統一,20,1.57,1.67,10,6.369%,2.153%,-,-,0,華亞科,27.01% 價內,22.36,0.25,31,3.90,62.86%,88.15%
="036017",AX永豐,10,2.86,2.96,10,3.497%,2.316%,-,-,0,華亞科,25.50% 價內,22.63,0.49,11,4.55,75.04%,108.76%
="034347",凱基E7,30,1.90,1.99,20,4.737%,2.491%,-,-,0,華亞科,23.48% 價內,23,0.35,7,4.87,75.04%,131.30%
="036076",群益K1,25,6.10,6.15,10,0.820%,2.216%,-,-,0,華亞科,23.48% 價內,23,1,41,3.91,71.29%,75.04%
="037731",元大A8,499,1.91,1.94,10,1.571%,2.124%,-,-,0,華亞科,23.48% 價內,23,0.30,45,3.57,79.72%,83.47%
="037011",兆豐JS,10,2.67,2.76,10,3.371%,2.532%,-,-,0,華亞科,20.85% 價內,23.50,0.50,31,4.46,65.67%,74.10%
="037640",日盛48,25,2.82,2.92,10,3.546%,2.397%,-,-,0,華亞科,20.85% 價內,23.50,0.50,41,4.06,69.42%,76.91%
="035100",台新15,10,1.54,1.61,10,4.546%,3.073%,-,-,0,華亞科,18.33% 價內,24,0.35,24,6.16,0.00%,52.51%
="037783",元富G4,25,1.04,1.07,25,2.885%,2.600%,-,-,0,華亞科,15.92% 價內,24.50,0.20,45,4.07,75.51%,80.19%
="034469",國泰39,499,0.87,0.88,10,1.149%,3.108%,-,-,0,華亞科,13.74% 價內,24.97,0.20,39,5.01,62.86%,64.50%
="035582",群益E8,25,4.10,4.11,10,0.244%,3.298%,4.11,-2.84%,30,華亞科,13.60% 價內,25,1,31,5.50,61.92%,61.92%
="035836",凱基7F,30,2.17,2.27,30,4.608%,3.115%,2.19,-3.52%,20,華亞科,13.60% 價內,25,0.50,39,4.94,62.86%,70.35%
="036385",FT元大,499,3.97,4.07,10,2.519%,3.406%,-,-,0,華亞科,13.60% 價內,25,1,24,5.69,63.80%,69.42%
="037671",LG永豐,10,1.37,1.40,10,2.190%,2.960%,-,-,0,華亞科,10.59% 價內,25.68,0.30,45,4.27,78.55%,81.59%
="037762",J8群益,25,1.98,1.99,10,0.505%,3.413%,-,-,0,華亞科,9.23% 價內,26,0.50,45,4.96,66.61%,67.54%
="034468",國泰38,480,1.06,1.07,10,0.943%,3.824%,1.06,-1.85%,10,華亞科,8.36% 價內,26.21,0.30,39,5.57,62.86%,63.80%
="034583",富邦5M,20,0.74,0.79,10,6.757%,4.471%,-,-,0,華亞科,5.19% 價內,27,0.25,40,5.95,58.83%,64.50%
="036455",GG元大,499,2.62,2.71,10,3.435%,5.135%,-,-,0,華亞科,5.19% 價內,27,1,24,6.98,63.80%,67.54%
="037733",凱基KE,30,1.44,1.45,30,0.694%,3.653%,-,-,0,華亞科,5.19% 價內,27,0.40,45,4.96,72.23%,73.16%
="034470",國泰40,499,0.77,0.78,10,1.299%,4.015%,-,-,0,華亞科,1.65% 價內,27.94,0.30,39,6.32,62.51%,63.33%
="035997",BY元大,499,1.93,1.95,10,1.036%,3.853%,-,-,0,華亞科,1.43% 價內,28,0.75,40,6.27,62.86%,63.33%
="037525",兆豐LH,10,0.62,0.67,10,8.065%,2.806%,0.63,-3.08%,8,群創,1.09% 價內,9.20,0.80,40,6.66,58.13%,63.33%
="06820P",元富6H,25,0.69,0.70,25,1.449%,2.993%,-,-,0,群創,2.11% 價內,9.50,0.90,24,-6.15,68.95%,70.35%
="06661P",BC永豐,10,0.51,0.52,10,1.961%,4.962%,-,-,0,群創,3.43% 價內,9.63,0.87,11,-9.56,60.99%,62.86%
="06737P",DY元大,100,0.65,0.66,100,1.539%,3.461%,0.65,-2.99%,98,群創,7.00% 價內,10,0.70,24,-6.67,51.58%,53.45%
="06684P",國泰1R,350,1.46,1.48,15,1.370%,2.351%,1.45,-2.03%,40,群創,11.43% 價內,10.50,1,41,-4.54,54.38%,56.26%
="06581P",群益H5,25,1.15,1.16,10,0.870%,1.919%,-,-,0,群創,15.46% 價內,11,0.60,39,-3.68,60.99%,62.86%
="06640P",凱基7T,30,1.44,1.48,30,2.778%,2.237%,-,-,0,群創,15.46% 價內,11,0.85,8,-5.13,0.00%,82.53%
="06644P",元富2A,25,1.28,1.33,25,3.906%,2.221%,-,-,0,群創,15.46% 價內,11,0.75,8,-4.89,52.51%,93.77%
="06846P",GW元大,100,0.70,0.71,10,1.429%,2.150%,-,-,0,群創,15.46% 價內,11,0.40,24,-4.39,50.64%,55.32%
="06552P",兆豐BY,10,1.92,1.97,10,2.604%,1.184%,-,-,0,群創,25.60% 價內,12.50,0.60,31,-2.67,45.03%,75.04%
="05993P",C5統一,20,3.01,3.11,10,3.322%,0.636%,-,-,0,群創,39.22% 價內,15.30,0.5050,10,-1.43,0.00%,217.51%
="720385",QE永豐,10,0.52,0.54,10,3.846%,2.410%,0.53,-3.64%,1275,崧騰,0.08% 價外,38.13,0.1430,26,5.63,89.09%,92.60%
="720579",S9元富,25,0.87,0.91,25,4.598%,3.339%,0.87,-4.40%,39,單井,9.52% 價內,63,0.08,45,4.32,80.07%,85.81%
="72142P",康和PC,10,0.34,0.44,10,29.412%,4.332%,-,-,0,單井,0.55% 價內,69.38,0.06,24,-4.90,77.44%,101.03%
="034092",78中信,30,1.02,1.07,10,4.902%,3.681%,1.03,4.04%,40,嘉澤,21.01% 價內,94.21,0.0480,32,4.66,60.05%,73.63%
="035827",N2永豐,10,1.47,1.52,10,3.401%,4.836%,1.47,5%,10,嘉澤,16.91% 價內,97.51,0.0850,7,6.47,93.77%,112.04%
="034421",L4統一,10,0.48,0.51,10,6.250%,4.203%,-,-,0,嘉澤,7.08% 價內,106.46,0.0340,39,5.23,67.84%,74.28%
="034279",KZ元富,25,0.53,0.56,10,5.660%,9.078%,-,-,0,嘉澤,4.32% 價內,109.28,0.0740,6,11.11,76.33%,84.05%
="034437",元大52,100,0.70,0.73,100,4.286%,4.950%,0.73,12.31%,126,嘉澤,0.84% 價內,113.05,0.0740,39,6.46,59.77%,62.51%
="034494",凱基G1,30,0.39,0.42,30,7.692%,7.747%,-,-,0,嘉澤,0.84% 價內,113.05,0.0640,10,9.97,74.01%,80.25%
="720137",T8元大,0,-,-,0,-,-,-,-,0,同致,158.03% 價內,147.27,0.0410,39,-,-,-
="720274",統一TV,28,6.65,6.95,10,4.511%,0.996%,-,-,0,同致,133.29% 價內,162.89,0.0310,45,1.66,0.00%,182.37%
="720160",X3永豐,10,10.70,-,0,-,1.019%,-,-,0,同致,129.72% 價內,165.42,0.0510,7,-,0.00%,-
="720270",WB元大,0,-,-,0,-,-,-,-,0,同致,127.67% 價內,166.91,0.0410,45,-,-,-
="720243",元富PY,25,8.10,8.15,10,0.617%,1.082%,-,-,0,同致,111.50% 價內,179.67,0.0410,24,1.89,0.00%,0.00%
="720238",富邦V5,20,8,-,0,-,1.095%,-,-,0,同致,109.21% 價內,181.64,0.0410,42,-,0.00%,-
="720259",PD永豐,10,6.95,7.25,10,4.317%,1.138%,-,-,0,同致,101.23% 價內,188.84,0.0370,24,1.90,0.00%,191.74%
="720320",元大WB,0,-,-,0,-,-,-,-,0,同致,93.51% 價內,196.37,0.0510,24,-,-,-
="719262",統一RS,10,7.25,7.65,10,5.517%,1.209%,-,-,0,同致,90.29% 價內,199.70,0.0410,24,1.99,0.00%,192.21%
="719734",統一ST,10,5.15,5.50,10,6.796%,1.283%,4.74,1.50%,1,同致,80.52% 價內,210.50,0.0310,45,2.34,0.00%,139.03%
="720518",RN永豐,10,4.95,5.05,10,2.020%,1.293%,-,-,0,同致,78.93% 價內,212.37,0.03,39,2.21,0.00%,80.66%
="719215",統一RK,20,6.35,6.60,3,3.937%,1.379%,6,11.11%,2,同致,70.95% 價內,222.29,0.0410,24,2.48,0.00%,138.79%
="720572",凱基SJ,30,7.65,7.75,30,1.307%,1.388%,-,-,0,同致,68.89% 價內,225,0.05,45,2.38,0.00%,0.00%
="720558",凱基SF,30,6.80,7,30,2.941%,1.580%,6.80,21.43%,3,同致,54.81% 價內,245.46,0.0510,41,2.68,0.00%,84.40%
="720005",台新Q5,10,0.41,0.51,10,24.390%,17.659%,-,-,0,鼎翰,0.37% 價內,270,0.0250,31,8.00,49.73%,62.42%
="72078P",群益PS,100,13.50,14.30,6,5.926%,0.866%,13.80,9.52%,91,漢微科,30.46% 價內,1100,0.04,31,-1.93,73.63%,117.66%
="72086P",群益PW,3,8.50,-,0,-,0.385%,8.50,8.97%,4,漢微科,52.19% 價內,1600,0.01,33,-0.86,165.73%,-
="72093P",凱基Z1,30,4.18,4.33,4,3.589%,0.394%,4.19,6.62%,15,漢微科,52.19% 價內,1600,0.0050,10,-0.85,198.77%,352.76%
="037387",XK元大,100,1.14,1.17,50,2.632%,3.049%,-,-,0,F-貿聯,20.00% 價內,120,0.04,39,3.98,75.33%,81.01%
="032715",BU元富,25,0.36,0.39,25,8.333%,8.285%,-,-,0,F-貿聯,7.97% 價內,133.37,0.0330,4,10.53,51.11%,80.42%
="035826",N1永豐,10,0.29,0.34,10,17.241%,8.778%,-,-,0,F-貿聯,0.47% 價內,143.33,0.05,7,12.33,68.07%,80.63%
="06995P",FW永豐,10,0.68,0.69,10,1.471%,1.794%,-,-,0,F-TPK,10.71% 價內,75.60,0.0480,31,-2.64,115.78%,118.48%
="07257P",元富H5,25,0.76,0.79,10,3.947%,1.699%,0.79,-3.66%,23,F-TPK,14.12% 價內,78.60,0.05,45,-2.66,84.40%,91.02%
="06779P",CQ永豐,10,1.41,1.44,10,2.128%,1.519%,1.42,-4.05%,5,F-TPK,26.09% 價內,91.33,0.0590,24,-2.48,62.86%,84.87%
="06501P",群益B1,25,13.20,14.20,10,7.576%,1.223%,-,-,0,F-TPK,32.15% 價內,99.49,0.4220,25,-1.84,0.00%,127.55%
="06721P",DH元大,100,1.90,1.93,10,1.579%,1.213%,2.01,5.79%,31,F-TPK,32.15% 價內,99.49,0.06,24,-1.98,0.00%,84.40%
="06676P",BK永豐,10,2.10,2.14,10,1.905%,1.202%,-,-,0,F-TPK,33.48% 價內,101.48,0.0630,12,-1.94,0.00%,90.03%
="06233P",3W群益,25,14.90,15.30,10,2.685%,0.860%,-,-,0,F-TPK,41.00% 價內,114.41,0.3220,25,-1.35,0.00%,127.55%
="06621P",元富1P,25,4.16,4.18,10,0.481%,0.871%,-,-,0,F-TPK,41.00% 價內,114.41,0.09,7,-1.45,0.00%,0.00%
="06585P",K3永豐,10,3.11,3.16,10,1.608%,0.828%,-,-,0,F-TPK,42.16% 價內,116.70,0.0640,5,-1.34,0.00%,232.50%
="06259P",4Q群益,25,12.80,13.40,10,4.688%,0.778%,-,-,0,F-TPK,43.46% 價內,119.39,0.2510,31,-1.19,0.00%,146.29%
="06668P",國票GM,25,2.81,2.82,10,0.356%,0.716%,-,-,0,F-TPK,45.72% 價內,124.36,0.05,11,-1.20,0.00%,0.00%
="06474P",凱基1V,30,4.29,4.39,30,2.331%,0.656%,-,-,0,F-TPK,47.81% 價內,129.34,0.07,24,-1.01,0.00%,161.28%
="06503P",元大6S,100,6.20,-,0,-,0.654%,-,-,0,F-TPK,47.81% 價內,129.34,0.1010,25,-,0.00%,-
="06285P",國泰22,0,-,-,0,-,-,-,-,0,F-TPK,60.09% 價內,169.13,0.05,31,-,-,-
="05131P",中信3K,30,3.65,3.75,10,2.740%,0.276%,-,-,0,F-TPK,68.44% 價內,213.90,0.0250,4,-0.43,0.00%,793.14%
="720202",元大RR,100,3.70,3.80,10,2.703%,2.651%,-,-,0,碩禾,41.11% 價內,450,0.02,11,3.29,0.00%,140.90%
="720154",元富PD,25,1.45,1.49,25,2.759%,3.171%,-,-,0,碩禾,27.00% 價內,500,0.01,39,3.84,68.42%,77.44%
="720318",元大TX,100,2.05,2.12,10,3.415%,3.488%,-,-,0,碩禾,27.00% 價內,500,0.0150,24,4.30,52.63%,75.86%
="720193",台新R1,10,1.61,1.67,10,3.727%,4.117%,-,-,0,碩禾,16.51% 價內,545,0.0160,39,5.26,51.49%,58.51%
="720025",元大T9,100,0.95,0.99,10,4.211%,4.346%,0.97,-4.90%,17,碩禾,15.46% 價內,550,0.01,35,5.44,51.08%,58.90%
="720276",PF永豐,10,1.82,1.89,10,3.846%,4.571%,-,-,0,碩禾,13.24% 價內,560.76,0.02,24,5.39,71.41%,78.46%
="720039",W1兆豐,10,0.99,1.03,10,4.040%,4.681%,-,-,0,碩禾,11.80% 價內,568,0.0120,35,5.76,53.27%,58.80%
="720337",康和PF,10,0.77,0.83,10,7.792%,5.081%,-,-,0,碩禾,10.41% 價內,575.13,0.01,24,5.99,63.83%,75.15%
="720064",國泰XJ,30,1.61,1.63,30,1.242%,4.634%,-,-,0,碩禾,10.24% 價內,576,0.02,35,5.77,59.03%,60.58%
="720048",凱基QF,30,0.60,0.66,30,10.000%,7.837%,-,-,0,碩禾,9.48% 價內,580,0.01,4,8.72,88.15%,121.40%
="720125",中信XC,30,0.49,0.54,10,10.204%,9.088%,-,-,0,碩禾,7.99% 價內,588,0.01,5,10.53,52.16%,80.86%
="720026",元大U1,100,0.87,0.92,10,5.747%,5.730%,1,2.04%,15,碩禾,5.83% 價內,600,0.0150,32,6.42,51.06%,55.93%
="720036",SN日盛,25,0.60,0.66,10,10.000%,10.590%,-,-,0,碩禾,5.83% 價內,600,0.0150,4,12.68,65.47%,85.46%
="720075",元富Z7,25,0.56,0.59,25,5.357%,9.545%,-,-,0,碩禾,5.83% 價內,600,0.0130,5,11.42,72.42%,82.09%
="720127",群益SN,25,1.10,1.15,10,4.546%,4.467%,-,-,0,碩禾,5.83% 價內,600,0.0150,39,5.48,66.12%,70.41%
="720118",W3永豐,10,1.36,1.41,10,3.677%,4.562%,-,-,0,碩禾,5.73% 價內,600.60,0.0190,39,5.65,64.31%,67.69%
="037295",XD元大,100,0.82,0.87,10,6.098%,3.200%,-,-,0,神達,8.25% 價內,20,0.30,39,5.24,64.73%,71.29%
="037318",台新1C,10,0.79,0.81,10,2.532%,3.805%,0.81,14.08%,20,神達,4.09% 價內,20.80,0.40,39,6.71,53.68%,55.55%
="037255",HU永豐,10,0.68,0.69,10,1.471%,2.990%,-,-,0,神達,2.17% 價內,21.19,0.2950,35,5.46,77.15%,78.55%
="037399",凱基GQ,30,0.37,0.40,30,8.108%,2.974%,-,-,0,神達,1.59% 價外,22,0.20,39,5.87,70.12%,75.39%
="720487",RB永豐,10,2.18,2.25,10,3.211%,3.199%,-,-,0,東洋,24.15% 價內,89.41,0.0930,39,4.08,65.20%,74.10%
="720371",玉山T5,10,1.66,1.76,10,6.024%,4.384%,-,-,0,東洋,16.84% 價內,95,0.10,25,5.96,44.56%,61.92%
="720229",元大VW,70,0.52,0.62,10,19.231%,8.931%,0.52,-13.33%,30,東洋,0.91% 價內,110,0.10,12,11.91,57.89%,70.35%
="719561",統一SH,20,0.39,0.40,20,2.564%,6.617%,0.41,2.50%,77,邦特,3.24% 價內,124.95,0.03,39,5.71,64.62%,66.67%
="720006",台新Q6,10,0.35,0.36,10,2.857%,9.489%,0.34,-19.05%,70,邦特,1.55% 價外,131.03,0.05,31,9.30,51.99%,53.30%
="720281",元富QJ,25,5.95,6,10,0.840%,0.993%,-,-,0,健亞,83.66% 價內,35.50,0.20,24,2.18,60.05%,135.04%
="720357",元證SQ,100,3.78,3.82,25,1.058%,1.169%,-,-,0,健亞,63.00% 價內,40,0.15,24,2.54,0.00%,108.76%
="720189",Y2永豐,10,3.26,3.33,10,2.147%,1.360%,3.02,-15.41%,5,健亞,49.58% 價內,43.59,0.15,8,3.15,138.79%,195.02%
="034891",AE統一,10,2.32,2.41,10,3.879%,2.063%,-,-,0,F-麗豐,37.14% 價內,234.07,0.0260,45,3.19,61.46%,81.48%
="037427",JA永豐,10,2.50,2.57,10,2.800%,2.077%,-,-,0,F-麗豐,36.13% 價內,235.80,0.0280,39,3.15,77.15%,90.26%
="035899",BG統一,20,1.58,1.64,10,3.798%,2.295%,-,-,0,F-麗豐,31.45% 價內,244.20,0.02,39,3.59,58.25%,76.21%
="037494",凱基HB,30,1.91,2.01,30,5.236%,2.328%,-,-,0,F-麗豐,28.40% 價內,250,0.0250,39,3.49,72.34%,89.38%
="034330",元大25,100,2.23,2.33,10,4.484%,2.453%,2.43,8.48%,10,F-麗豐,27.28% 價內,252.21,0.0310,39,3.59,58.83%,74.92%
="036933",元富8U,25,1.67,1.72,10,2.994%,3.032%,-,-,0,F-麗豐,18.89% 價內,270,0.03,28,4.77,62.98%,70.88%
="036612",ID元大,100,0.65,0.67,100,3.077%,4.182%,0.62,-10.14%,50,F-麗豐,7.00% 價內,300,0.02,24,7.14,62.93%,66.34%
="036084",BE永豐,10,0.79,0.80,10,1.266%,5.362%,0.83,5.06%,20,F-麗豐,3.32% 價內,310.70,0.0340,12,8.16,76.24%,77.55%
="720580",T1元富,25,1.61,1.71,10,6.211%,6.010%,-,-,0,鐿鈦,17.00% 價內,100,0.08,45,4.42,59.53%,70.00%
="720531",RS永豐,10,0.70,0.71,10,1.429%,6.123%,0.70,6.06%,30,鐿鈦,3.45% 價內,113.10,0.05,40,5.06,77.73%,79.08%
="720117",元大W8,100,0.43,0.53,10,23.256%,9.173%,0.44,4.76%,38,鐿鈦,1.74% 價內,115,0.05,39,7.67,49.06%,62.33%
="72009P",康和U9,10,0.20,0.23,10,15.000%,4.930%,-,-,0,銘旺實,0.24% 價內,68.06,0.0330,26,-4.75,82.77%,95.32%
="72161P",康和PH,10,0.37,0.40,70,8.108%,3.596%,0.38,0%,30,江興鍛,5.65% 價內,53.84,0.0550,25,-3.97,92.95%,103.20%
="07137P",XU元大,100,0.52,0.53,100,1.923%,2.696%,-,-,0,上緯,2.00% 價外,150,0.0350,39,-4.24,82.88%,84.35%
="06959P",JN元大,100,0.85,0.95,10,11.765%,1.966%,-,-,0,上緯,21.54% 價內,195,0.02,28,-2.81,56.14%,104.54%
="719975",凱基PU,30,1.06,1.11,30,4.717%,5.362%,-,-,0,泰博,5.22% 價內,90,0.10,31,5.57,73.87%,78.67%
="720476",TN日盛,100,1.31,1.32,10,0.763%,2.102%,1.44,-0.69%,20,合一,19.46% 價內,28,0.20,35,3.72,80.19%,82.06%
="07018P",元富9Y,25,0.49,0.51,40,4.082%,2.938%,-,-,0,致伸,0.69% 價外,36.50,0.20,33,-6.56,58.83%,61.10%
="036397",元富5G,25,0.53,0.56,10,5.660%,3.410%,-,-,0,致伸,2.00% 價外,37.50,0.25,24,8.20,64.50%,67.66%
="06822P",元富6K,25,0.54,0.64,10,18.519%,3.500%,-,-,0,和碩,3.68% 價內,76,0.10,24,-7.13,50.64%,64.09%
="06641P",凱基7U,30,0.75,0.79,30,5.333%,4.740%,-,-,0,和碩,4.15% 價內,76.37,0.1570,8,-9.81,66.14%,72.46%
="07163P",兆豐LV,10,0.79,0.83,10,5.063%,2.432%,-,-,0,和碩,5.43% 價內,77.40,0.10,40,-5.19,56.37%,60.52%
="07178P",G2群益,25,1.08,1.10,10,1.852%,2.006%,-,-,0,和碩,8.50% 價內,80,0.10,40,-4.09,68.60%,70.71%
="06876P",AC國泰,480,1.07,-,0,-,2.451%,1.09,-31.45%,115,和碩,11.81% 價內,83,0.10,25,-5.53,50.64%,-
="720319",元大TY,100,5.10,5.15,10,0.980%,1.215%,5,-2.91%,28,F-昂寶,78.28% 價內,121.16,0.0540,24,2.29,0.00%,112.51%
="720325",PT永豐,10,3.66,3.71,10,1.366%,1.409%,-,-,0,F-昂寶,61.22% 價內,133.98,0.0450,24,2.61,0.00%,90.03%
="720415",TF元大,100,4.05,4.11,10,1.482%,1.412%,3.98,11.17%,20,F-昂寶,60.00% 價內,135,0.05,28,2.69,0.00%,103.14%
="720407",Q8元富,25,3.88,3.96,10,2.062%,1.472%,-,-,0,F-昂寶,56.52% 價內,138,0.05,28,2.68,0.00%,99.39%
="720429",TK日盛,25,3.77,3.87,10,2.653%,1.509%,-,-,0,F-昂寶,54.29% 價內,140,0.05,31,2.75,0.00%,94.71%
="720177",元富PG,25,2.51,2.57,10,2.390%,1.738%,-,-,0,F-昂寶,44.85% 價內,149.12,0.0380,8,3.17,0.00%,146.29%
="720514",QM元大,100,2.70,2.74,10,1.482%,1.641%,2.60,10.64%,10,F-昂寶,44.00% 價內,150,0.04,39,3.14,74.10%,85.34%
="719851",群益RG,25,2.60,2.68,2,3.077%,2.251%,2.63,21.76%,11,F-昂寶,28.76% 價內,167.76,0.0540,24,4.20,0.00%,69.89%
="720560",RY永豐,10,2,2.05,10,2.500%,1.920%,-,-,0,F-昂寶,27.52% 價內,169.38,0.0380,45,3.38,79.84%,86.81%
="719879",元大P5,99,1.36,1.40,10,2.941%,3.021%,1.36,12.40%,8,F-昂寶,15.88% 價內,186.40,0.0430,24,6.01,52.16%,59.88%
="06683P",玉山KR,10,1.36,1.46,10,7.353%,2.912%,-,-,0,F-臻鼎,17.14% 價內,77,0.1040,12,-4.16,0.00%,95.65%
="720390",PH元大,100,0.38,0.39,10,2.632%,5.583%,0.39,-2.50%,189,F-譜瑞,2.88% 價內,218.70,0.0210,27,7.31,60.33%,62.33%
="72101P",群益RA,25,2.67,2.72,10,1.873%,3.188%,-,-,0,F-譜瑞,7.41% 價內,243,0.0770,24,-3.59,103.26%,106.07%
="72092P",群益QE,25,3,3.10,10,3.333%,2.173%,2.98,-4.49%,1,F-譜瑞,25.33% 價內,301.32,0.0390,10,-2.62,100.33%,143.01%
="720245",群益TE,25,1.16,1.18,10,1.724%,1.821%,1.17,6.36%,37,華星光,28.73% 價內,57.25,0.0670,24,3.89,83.00%,91.43%
="720228",Z9永豐,10,0.74,0.78,10,5.405%,2.690%,-,-,0,華星光,13.07% 價內,65.18,0.0670,12,4.95,114.85%,128.72%
="718696",PL日盛,150,0.40,0.41,30,2.500%,3.299%,0.41,13.89%,140,華星光,2.76% 價內,71.72,0.0670,24,6.60,65.26%,67.25%
="720379",PB元大,100,0.48,0.49,10,2.083%,2.740%,0.50,8.70%,60,華星光,2.76% 價內,71.72,0.0670,26,5.88,78.20%,80.13%
="720462",元大UU,100,1.03,1.13,10,9.709%,2.362%,-,-,0,F-環宇,24.65% 價內,57.60,0.0610,33,3.21,99.86%,126.38%
="720351",QA永豐,10,0.68,0.71,10,4.412%,2.549%,-,-,0,F-環宇,16.84% 價內,61.45,0.0450,24,3.41,131.53%,142.42%
="037417",兆豐KZ,10,1.53,1.56,10,1.961%,2.932%,1.56,9.09%,7,F-鎧勝,25.65% 價內,115,0.05,39,4.19,52.04%,59.88%
="037290",NX元大,20,2.11,2.19,10,3.792%,3.282%,-,-,0,F-鎧勝,20.42% 價內,120,0.08,39,4.63,53.45%,62.86%
="037428",台新1H,10,1.83,1.91,10,4.372%,4.112%,-,-,0,F-鎧勝,11.15% 價內,130,0.10,39,5.93,50.76%,56.14%
="037196",HL永豐,10,1.17,1.18,10,0.855%,3.700%,1.13,9.71%,30,F-鎧勝,8.30% 價內,133.43,0.0610,34,5.32,75.27%,76.27%
="037668",LD永豐,10,0.67,0.68,10,1.493%,2.975%,0.67,13.56%,91,F-鎧勝,1.70% 價外,147,0.0440,45,5.06,79.72%,80.83%
="719120",統一RC,10,1.09,1.15,10,5.505%,6.700%,-,-,0,信驊,12.72% 價內,275.90,0.0250,39,5.32,55.44%,63.04%
="720578",S8元富,25,0.66,0.71,20,7.576%,3.802%,-,-,0,宜鼎,4.00% 價內,80,0.06,45,4.47,80.54%,87.98%
="720529",RQ永豐,10,0.64,0.65,10,1.563%,3.940%,0.63,0%,90,宜鼎,0.42% 價外,83.55,0.0750,40,5.43,78.20%,79.43%
="720443",QA元大,100,0.65,0.75,10,15.385%,4.855%,0.72,4.35%,158,鈺創,7.58% 價內,11.34,0.5070,31,5.89,55.79%,71.29%
="035845",日盛LU,250,1.54,1.59,10,3.247%,3.304%,-,-,0,中磊,14.71% 價內,70,0.15,7,7.30,0.00%,71.29%
="036099",凱基9N,30,0.95,1.05,30,10.526%,4.570%,-,-,0,中磊,7.07% 價內,75,0.15,12,9.13,51.81%,66.26%
="036232",DM元大,100,0.81,0.90,10,11.111%,3.919%,-,-,0,中磊,7.07% 價內,75,0.12,24,8.24,42.69%,53.68%
="036280",3K富邦,10,1.78,1.83,10,2.809%,2.769%,-,-,0,中磊,7.07% 價內,75,0.20,45,6.03,52.98%,55.32%
="037086",元富9V,25,1.07,1.09,25,1.869%,2.784%,-,-,0,中磊,6.36% 價內,75.50,0.12,33,5.89,65.67%,67.54%
="036905",日盛18,300,0.73,0.82,10,12.329%,4.431%,-,-,0,中磊,2.95% 價內,78,0.15,28,9.65,40.35%,47.36%
="720188",Y1永豐,10,1.19,1.27,10,6.723%,3.564%,1.34,6.35%,10,台半,14.19% 價內,27.63,0.30,8,6.35,52.51%,87.21%
="720153",SX日盛,25,1.23,1.26,10,2.439%,2.491%,1.27,9.48%,21,智冠,23.34% 價內,52.70,0.1040,7,5.16,0.00%,0.00%
="720285",PJ永豐,10,1.78,1.84,10,3.371%,2.273%,-,-,0,智冠,23.27% 價內,52.73,0.1440,24,4.62,39.41%,63.80%
="720269",VV元大,0,-,-,0,-,-,1.74,-3.87%,20,智冠,16.97% 價內,55.57,0.1570,45,4.65,-,-
="720223",凱基RC,30,0.81,0.91,30,12.346%,3.468%,-,-,0,智冠,13.06% 價內,57.49,0.1040,12,6.43,51.11%,86.98%
="720213",Z2永豐,10,0.93,0.94,10,1.075%,4.043%,0.87,3.57%,10,智冠,10.17% 價內,59,0.1460,11,9.02,49.24%,52.04%
="720508",Y3兆豐,0,-,-,0,-,-,-,-,0,中美晶,50.52% 價內,29,0.25,40,-,-,-
="720466",X9兆豐,10,2.90,-,0,-,1.525%,-,-,0,中美晶,36.41% 價內,32,0.25,34,-,0.00%,-
="720569",群益UY,25,1.96,2,10,2.041%,1.694%,-,-,0,中美晶,27.04% 價內,34.36,0.20,45,3.98,57.19%,64.27%
="720157",W7兆豐,10,1.98,2.01,10,1.515%,2.025%,2.15,24.28%,10,中美晶,21.25% 價內,36,0.25,39,4.54,43.15%,47.83%
="720287",PL永豐,10,2.23,2.31,10,3.587%,2.109%,-,-,0,中美晶,20.78% 價內,36.14,0.28,24,4.77,64.73%,76.91%
="720456",R5元富,25,1.67,1.71,10,2.395%,2.258%,-,-,0,中美晶,14.87% 價內,38,0.25,32,5.19,62.39%,66.61%
="720086",國泰XS,390,1.35,1.39,10,2.963%,3.320%,1.38,18.97%,140,中美晶,13.82% 價內,38.35,0.25,4,7.66,80.66%,103.14%
="720271",WU元大,100,1.33,1.39,10,4.511%,2.436%,1.30,2.36%,15,中美晶,9.13% 價內,40,0.25,45,5.99,52.98%,57.43%
="720155",凱基QV,30,0.57,0.62,30,8.772%,5.682%,-,-,0,中美晶,1.51% 價內,43,0.30,7,12.94,64.27%,71.29%
="720077",W2兆豐,10,0.62,0.71,10,14.516%,3.869%,-,-,0,中美晶,0.34% 價外,43.80,0.25,39,8.65,43.97%,50.29%
="719624",元富T1,25,0.50,0.60,10,20.000%,17.801%,-,-,0,彩富,0.77% 價內,50.51,0.1630,24,8.34,54.50%,66.26%
="037203",凱基DT,30,1.33,1.38,30,3.759%,3.361%,-,-,0,F-中租,12.22% 價內,45,0.20,34,5.86,53.21%,58.60%
="037244",NA元大,100,0.42,0.43,100,2.381%,5.071%,0.40,5.26%,19,F-中租,1.00% 價內,50,0.15,35,10.63,40.11%,41.22%
="06937P",日盛10,25,0.53,0.54,25,1.887%,4.115%,0.56,-20%,10,F-中租,1.00% 價外,50,0.20,27,-7.96,53.21%,54.15%
="037537",兆豐MA,10,0.64,0.65,10,1.563%,3.860%,-,-,0,F-中租,0.98% 價外,51,0.20,40,8.02,50.52%,51.34%
="06867P",EB永豐,10,0.73,0.74,10,1.370%,4.258%,-,-,0,F-中租,3.55% 價內,52.36,0.1920,25,-7.56,51.93%,52.98%
="06564P",凱基5N,30,1.02,1.06,30,3.922%,3.254%,-,-,0,F-中租,8.85% 價內,55.40,0.1620,32,-5.34,53.21%,57.78%
="06824P",元富6M,25,0.96,0.99,10,3.125%,3.462%,-,-,0,F-中租,9.82% 價內,56,0.15,24,-5.73,52.98%,57.66%
="06624P",AS元大,100,1.48,1.54,10,4.054%,3.391%,1.54,-15.85%,30,F-中租,12.93% 價內,58,0.20,8,-6.13,0.00%,67.54%
="06397P",凱基H3,30,2.45,2.55,30,4.082%,2.208%,-,-,0,F-中租,18.36% 價內,61.86,0.2170,24,-3.99,0.00%,61.92%
="720204",元大RZ,100,0.70,0.72,10,2.857%,4.267%,-,-,0,瑞傳,13.92% 價內,37,0.1320,11,7.24,53.45%,65.67%
="720218",TC日盛,25,0.61,0.62,25,1.639%,7.362%,0.63,1.61%,127,瑞傳,5.38% 價內,40,0.20,12,9.57,58.83%,60.75%
="720290",TG日盛,10,1.16,1.25,10,7.759%,4.564%,-,-,0,華美,14.71% 價內,70,0.10,24,5.35,60.99%,76.91%
="036860",日盛13,25,0.70,0.73,10,4.286%,2.891%,0.78,4%,187,彩晶,16.94% 價內,3.60,1,27,4.47,69.42%,78.78%
="035872",AZ元大,100,0.47,0.48,10,2.128%,3.172%,0.49,-16.95%,836,彩晶,5.25% 價內,4,1,39,5.48,65.67%,67.54%
="720163",TU元大,100,1.51,1.60,10,5.960%,2.967%,-,-,0,振曜,17.32% 價內,42.49,0.1790,39,4.63,59.06%,70.12%
="720227",Z8永豐,10,0.90,1,10,11.111%,4.433%,-,-,0,振曜,10.88% 價內,44.96,0.1550,12,6.34,77.15%,100.33%
="72154P",PS永豐,10,0.52,0.53,10,1.923%,3.644%,-,-,0,頎邦,0.15% 價內,41.46,0.1750,24,-6.41,69.53%,70.82%
="72113P",元大VR,100,0.84,0.89,10,5.952%,3.327%,-,-,0,頎邦,9.01% 價內,45.50,0.1580,31,-5.10,56.26%,63.33%
="72159P",P9元富,25,1.04,1.07,10,2.885%,3.013%,-,-,0,頎邦,13.75% 價內,48,0.15,24,-4.78,50.64%,58.13%
="06821P",元富6J,25,1.24,1.27,10,2.419%,2.053%,1.23,3.36%,161,瑞儀,12.65% 價內,68,0.12,24,-4.23,75.51%,80.19%
="06864P",HU元大,100,1.13,1.15,10,1.770%,2.001%,1.20,9.09%,118,瑞儀,15.14% 價內,70,0.10,24,-4.08,60.52%,65.44%
="06617P",凱基7C,30,1.53,1.59,30,3.922%,2.299%,1.65,18.71%,170,瑞儀,16.34% 價內,71,0.13,7,-4.38,82.53%,112.51%
="06634P",AP永豐,10,1.29,1.33,10,3.101%,2.191%,1.35,21.62%,15,瑞儀,16.81% 價內,71.40,0.1050,8,-4.26,88.15%,109.70%
="07235P",日盛54,25,1.54,1.57,25,1.948%,1.379%,-,-,0,瑞儀,17.50% 價內,72,0.10,45,-2.67,82.30%,86.51%
="07102P",康和M7,10,1.24,1.27,10,2.419%,1.437%,1.28,7.56%,100,瑞儀,18.55% 價內,72.93,0.08,39,-2.77,78.55%,84.40%
="07230P",兆豐MQ,6,1.96,2.04,10,4.082%,1.207%,1.96,4.26%,22,瑞儀,23.45% 價內,77.60,0.10,45,-2.42,75.97%,88.62%
="06598P",元富1C,25,2.06,2.07,25,0.485%,1.485%,2.06,10.75%,85,瑞儀,23.85% 價內,78,0.11,6,-3.17,116.25%,127.55%
="07010P",凱基CS,30,1.75,1.79,30,2.286%,1.292%,-,-,0,瑞儀,23.85% 價內,78,0.09,32,-2.58,77.85%,88.15%
="06611P",元大9L,100,2.08,2.11,10,1.442%,1.202%,2.11,8.76%,23,瑞儀,25.75% 價內,80,0.10,39,-2.43,57.19%,66.61%
="06726P",群益M4,25,2.09,2.19,10,4.785%,1.270%,-,-,0,瑞儀,25.75% 價內,80,0.10,24,-2.47,75.97%,107.35%
="720207",元大TF,100,0.42,0.43,10,2.381%,2.664%,0.42,-4.55%,151,橘子,6.17% 價內,35.32,0.1020,40,6.00,59.30%,61.40%
="035956",凱基8L,30,2.07,2.16,30,4.348%,2.862%,-,-,0,力成,18.91% 價內,55,0.20,8,6.08,0.00%,90.96%
="035967",元富1V,25,1.87,1.91,20,2.139%,2.851%,-,-,0,力成,18.91% 價內,55,0.18,8,5.94,0.00%,76.91%
="037317",台新1B,10,2.13,2.21,10,3.756%,2.709%,-,-,0,力成,18.91% 價內,55,0.20,39,5.61,33.79%,45.96%
="035471",兆豐AU,10,1.88,1.93,10,2.660%,3.177%,-,-,0,力成,14.06% 價內,57.34,0.2120,31,6.12,46.43%,51.58%
="037546",兆豐MK,10,1.35,1.40,10,3.704%,3.023%,-,-,0,力成,13.25% 價內,57.75,0.15,40,5.69,48.89%,54.15%
="035656",國泰99,350,1.47,-,0,-,4.271%,1.48,0%,31,力成,11.83% 價內,58.48,0.2120,4,8.95,30.05%,-
="035915",AG永豐,10,1.34,1.42,10,5.970%,4.806%,-,-,0,力成,9.79% 價內,59.57,0.22,8,9.30,50.64%,68.01%
="035867",AU元大,100,1.80,1.86,10,3.333%,3.459%,-,-,0,力成,9.00% 價內,60,0.25,39,6.58,46.90%,50.17%
="037065",永昌22,10,1.79,1.85,10,3.352%,3.565%,-,-,0,力成,9.00% 價內,60,0.25,32,6.67,51.11%,55.09%
="037442",凱基GS,30,1.52,1.58,30,3.947%,3.277%,-,-,0,力成,9.00% 價內,60,0.20,39,6.10,52.51%,56.49%
="720282",PG永豐,10,1.29,1.38,10,6.977%,3.806%,-,-,0,立端,17.84% 價內,30.89,0.1960,24,4.30,88.15%,105.01%
="720201",元富PQ,25,0.43,0.47,10,9.302%,7.564%,-,-,0,立端,2.56% 價內,35.49,0.1870,11,9.24,71.76%,80.54%
="037634",ZE元大,100,0.53,0.54,10,1.887%,3.844%,0.57,3.64%,140,矽格,1.00% 價內,20,0.32,41,6.37,56.96%,58.13%
="06252P",4H群益,25,4.06,4.16,10,2.463%,2.229%,-,-,0,台郡,6.94% 價內,75.22,0.4040,26,-3.88,92.84%,96.11%
="06560P",元大8M,100,1.67,1.69,100,1.198%,1.535%,-,-,0,台郡,21.63% 價內,89.32,0.0850,32,-3.19,56.26%,62.86%
="06652P",凱基9A,30,1.25,1.29,30,3.200%,1.059%,-,-,0,台郡,29.09% 價內,98.72,0.0430,40,-2.09,67.08%,87.68%
="06352P",6D群益,25,4.42,4.50,10,1.810%,0.799%,-,-,0,台郡,35.26% 價內,108.13,0.1140,39,-1.58,90.03%,105.01%
="06356P",6Q群益,25,3.20,3.30,10,3.125%,0.717%,-,-,0,台郡,37.96% 價內,112.83,0.0740,39,-1.41,90.03%,120.05%
="06396P",7P群益,25,3.32,3.42,10,3.012%,0.504%,-,-,0,台郡,46.82% 價內,131.63,0.0540,45,-1.02,75.04%,134.58%
="036121",CW元大,0,-,-,0,-,-,-,-,0,同欣電,0.92% 價內,65,0.0790,42,-,-,-
="036173",06凱基,30,0.42,0.52,30,23.810%,5.333%,-,-,0,同欣電,0.92% 價內,65,0.10,24,7.78,57.48%,72.40%
="720485",台新S9,10,0.68,0.73,10,7.353%,4.304%,-,-,0,台燿,5.36% 價內,22.40,0.35,39,7.90,40.81%,45.96%
="037416",兆豐KY,0,-,-,0,-,-,-,-,0,康舒,51.33% 價內,15,0.40,39,-,-,-
="035846",日盛LV,25,1.70,1.75,10,2.941%,2.661%,1.69,-14.65%,20,康舒,25.07% 價內,18.15,0.3860,7,5.02,0.00%,0.00%
="036054",永昌NV,10,2.31,2.37,10,2.597%,2.718%,2.43,-10%,10,康舒,23.50% 價內,18.38,0.5510,12,4.95,0.00%,0.00%
="036835",ET永豐,10,1.62,1.72,10,6.173%,2.475%,-,-,0,康舒,21.46% 價內,18.69,0.3860,27,4.47,58.13%,77.85%
="035861",元富1G,25,1.71,1.81,10,5.848%,3.633%,-,-,0,康舒,16.35% 價內,19.51,0.5510,7,6.51,0.00%,78.78%
="035995",BW元大,100,1.24,1.27,10,2.419%,2.490%,-,-,0,康舒,16.35% 價內,19.51,0.3310,40,4.78,59.53%,63.80%
="035664",H5永豐,10,0.60,0.70,10,16.667%,6.859%,-,-,0,康舒,6.62% 價內,21.29,0.4190,4,11.83,37.54%,82.53%
="037286",NT元大,100,2.90,-,0,-,1.553%,-,-,0,啟,52.73% 價內,55,0.10,39,-,0.00%,-
="037239",凱基EL,30,2.45,2.49,30,1.633%,1.828%,2.48,8.77%,15,啟,40.00% 價內,60,0.10,35,3.18,70.35%,83.00%
="035868",AV元大,100,1.87,1.92,10,2.674%,2.558%,1.87,8.09%,5,啟,27.04% 價內,66.12,0.1060,8,4.63,0.00%,95.65%
="037304",IE永豐,10,1.81,1.84,10,1.658%,2.175%,-,-,0,啟,26.37% 價內,66.47,0.0920,39,3.57,80.89%,85.81%
="036853",AM國泰,360,1.43,1.47,10,2.797%,2.902%,-,-,0,啟,18.31% 價內,71,0.10,27,4.90,64.50%,71.76%
="037534",兆豐LS,10,1.41,1.46,10,3.546%,2.760%,-,-,0,啟,16.68% 價內,71.99,0.10,40,4.62,60.52%,66.96%
="036935",元富8W,25,1.40,1.43,10,2.143%,3.210%,-,-,0,啟,12.00% 價內,75,0.12,28,5.37,68.95%,72.23%
="035138",凱基2C,30,1.08,1.13,30,4.630%,3.678%,-,-,0,啟,11.16% 價內,75.57,0.1060,24,6.25,58.36%,65.55%
="035857",AP元大,100,0.94,0.97,100,3.192%,3.196%,0.92,6.98%,120,啟,11.16% 價內,75.57,0.0850,39,5.77,55.67%,59.65%
="035468",兆豐AR,10,1.18,1.23,10,4.237%,4.009%,-,-,0,啟,4.62% 價內,80.29,0.1590,31,7.08,55.20%,58.60%
="036631",DX永豐,10,0.81,0.82,10,1.235%,3.653%,-,-,0,啟,3.02% 價內,81.54,0.1050,24,6.51,74.80%,75.97%
="035978",BL統一,20,0.59,0.60,20,1.695%,3.627%,0.57,11.76%,6,啟,2.59% 價內,81.88,0.0790,40,6.92,57.08%,58.25%
="036458",GM元大,100,0.45,0.46,100,2.222%,4.889%,0.45,15.38%,100,啟,1.18% 價外,85,0.10,24,9.34,56.90%,58.07%
="036160",元富3B,25,1.70,1.76,25,3.529%,3.803%,-,-,0,立錡,15.96% 價內,166,0.06,24,5.77,52.63%,61.69%
="035874",BB元大,400,1.60,1.68,50,5.000%,4.714%,-,-,0,立錡,13.24% 價內,170,0.07,8,7.54,51.58%,76.68%
="037579",日盛45,25,1.11,1.13,125,1.802%,4.851%,-,-,0,立錡,8.15% 價內,178,0.05,40,6.02,55.14%,56.90%
="035788",凱基6Y,30,0.71,0.73,30,2.817%,7.588%,-,-,0,立錡,6.94% 價內,180,0.05,6,10.94,61.92%,67.66%
="034928",8M群益,25,1,1.05,10,5.000%,6.782%,-,-,0,立錡,5.93% 價內,181.72,0.0630,24,8.26,48.83%,53.39%
="037786",元富G7,25,0.87,0.88,25,1.149%,4.688%,-,-,0,立錡,4.05% 價內,185,0.04,45,5.42,66.17%,67.13%
="033261",E8統一,20,0.43,0.44,20,2.326%,5.401%,0.43,-4.44%,208,立錡,0.44% 價內,191.66,0.0360,45,8.80,41.94%,42.98%
="034328",K8統一,10,2.02,2.08,10,2.970%,2.765%,-,-,0,旭隼,30.98% 價內,400.83,0.0160,39,3.83,49.35%,66.67%
="036852",AL國泰,280,1.81,1.90,10,4.972%,3.094%,-,-,0,旭隼,26.06% 價內,416.47,0.0160,27,4.02,66.96%,87.39%
="036632",DY永豐,10,1.07,1.08,10,0.935%,4.247%,1.09,9%,350,旭隼,11.28% 價內,471.78,0.0150,24,5.37,75.65%,77.17%
="720478",QZ永豐,10,1.30,1.38,10,6.154%,4.583%,-,-,0,晶焱,26.32% 價內,24.66,0.16,35,2.91,118.13%,135.98%
="037040",LC元大,100,0.56,0.65,10,16.071%,3.887%,-,-,0,樺漢,7.67% 價內,300,0.0150,32,5.39,64.51%,81.84%
="06502P",群益B2,25,0.66,0.68,10,3.030%,3.946%,0.74,-8.64%,163,樺漢,0.94% 價外,320,0.03,25,-5.78,70.03%,72.01%
="033022",D4統一,10,0.72,0.80,10,11.111%,2.501%,-,-,0,F-矽力,9.85% 價內,333.19,0.0150,40,5.11,60.99%,73.65%
="032696",A6統一,10,0.30,0.40,10,33.333%,6.499%,-,-,0,F-矽力,3.52% 價內,353.54,0.0160,4,11.16,75.51%,119.44%
="06944P",元富8P,25,0.58,0.60,25,3.448%,1.984%,-,-,0,F-訊芯,5.05% 價內,105,0.05,27,-4.59,78.58%,82.30%
="034799",7X群益,25,6.05,-,0,-,1.215%,-,-,0,F-康友,61.65% 價內,191.77,0.0520,24,-,0.00%,-
="034879",康和J8,10,6.10,6.30,10,3.279%,1.429%,-,-,0,F-康友,46.85% 價內,211.10,0.0630,24,3.11,0.00%,85.34%
="035137",凱基2B,30,0.71,0.81,30,14.085%,6.860%,-,-,0,帝寶,9.27% 價內,102.50,0.0630,24,6.96,46.19%,63.91%
="719591",RT日盛,25,0.29,0.32,25,10.345%,4.243%,0.30,3.45%,106,瀧澤科,0.68% 價外,27.89,0.1290,40,6.38,62.98%,69.30%
="035853",AJ元大,100,0.94,1.04,10,10.638%,4.522%,-,-,0,矽創,16.65% 價內,77.50,0.06,39,4.25,67.54%,86.04%
="035847",日盛LW,25,0.92,0.93,10,1.087%,6.400%,0.90,1.12%,21,矽創,15.90% 價內,78,0.07,7,6.71,94.24%,99.86%
="036951",元富9C,25,0.79,0.82,25,3.798%,5.276%,-,-,0,矽創,2.73% 價內,88,0.08,31,5.33,82.24%,85.93%
="036462",GS元大,100,0.48,0.50,50,4.167%,7.907%,0.51,6.25%,505,矽創,0.44% 價內,90,0.08,24,7.73,62.04%,64.73%
="037648",凱基JD,30,0.82,0.83,30,1.220%,4.692%,0.82,3.80%,229,矽創,0.44% 價內,90,0.08,41,4.96,82.47%,83.53%
="037771",G9國泰,30,0.57,0.58,30,1.754%,5.078%,0.55,5.77%,1186,矽創,0.44% 價內,90,0.06,45,5.51,72.70%,74.04%
="72186P",凱基SB,30,0.84,0.87,30,3.571%,2.067%,-,-,0,網家,5.83% 價內,300,0.02,41,-3.45,84.01%,87.96%
="72147P",元富QF,25,1.74,1.80,25,3.448%,2.386%,1.86,19.23%,10,網家,14.79% 價內,331.54,0.0330,24,-3.97,61.40%,70.35%
="72155P",P3元富,25,1.89,1.94,10,2.646%,1.560%,-,-,0,網家,23.31% 價內,368.38,0.0220,24,-2.93,51.58%,76.44%
="72149P",富邦V8,50,2.44,2.52,10,3.279%,1.214%,2.52,10.04%,30,網家,28.33% 價內,394.17,0.0220,24,-2.26,0.00%,94.71%
="720457",元大UX,100,0.83,0.87,10,4.819%,4.604%,0.87,4.82%,10,元太,6.54% 價內,13,0.60,32,6.54,55.32%,59.77%
="719957",V3兆豐,10,0.49,0.50,10,2.041%,5.803%,0.53,12.77%,132,元太,3.36% 價內,13.40,0.50,31,8.21,45.49%,46.66%
="720260",元富QA,25,0.42,0.45,10,7.143%,7.011%,-,-,0,元太,1.07% 價外,14,0.65,24,10.22,49.70%,52.98%
="720358",元證SR,499,0.29,0.30,10,3.448%,3.407%,0.31,0%,41,伍豐,1.28% 價內,73.56,0.0540,24,7.34,63.68%,66.14%
="72140P",P5國泰,499,0.43,0.44,10,2.326%,1.945%,0.43,-4.44%,10,伍豐,1.28% 價外,73.56,0.06,40,-4.43,78.32%,80.04%
="72100P",國票TP,50,0.71,0.72,10,1.409%,1.979%,-,-,0,伍豐,14.62% 價內,87.26,0.0540,24,-4.43,47.60%,52.28%
="720446",QR永豐,10,0.35,0.36,10,2.857%,1.799%,0.35,-5.41%,5,翔名,0.75% 價外,57.23,0.0470,31,4.27,114.85%,118.07%
="720497",凱基RX,30,1.75,1.83,30,4.571%,3.654%,-,-,0,朋程,22.11% 價內,95,0.08,39,4.44,46.90%,60.75%
="719849",凱基PL,30,0.64,0.72,5,12.500%,6.635%,-,-,0,朋程,5.46% 價內,110,0.07,24,7.98,47.89%,58.54%
="720139",元大PT,100,0.67,0.69,10,2.985%,4.120%,0.67,4.69%,10,群聯,7.62% 價內,210,0.03,39,7.35,43.80%,46.46%
="720489",R7國泰,390,1.32,1.34,10,1.515%,3.793%,1.37,16.10%,10,群聯,5.12% 價內,215,0.06,39,6.46,54.33%,55.50%
="720195",中信XD,30,0.41,0.43,10,4.878%,9.053%,0.44,7.32%,6,群聯,3.67% 價內,218,0.04,8,15.57,39.88%,44.35%
="720382",凱基RN,30,0.46,0.56,30,21.739%,4.958%,-,-,0,群聯,2.73% 價內,220,0.03,26,8.06,50.10%,64.32%
="720133",SV日盛,19,0.16,0.17,10,6.250%,10.087%,0.16,23.08%,31,群聯,1.74% 價外,230,0.04,6,21.63,49.05%,51.25%
="036851",AK國泰,220,2.36,-,0,-,2.606%,-,-,0,日友,35.79% 價內,95,0.07,27,-,0.00%,-
="035650",群益G4,25,3,3.10,10,3.333%,2.844%,-,-,0,日友,29.00% 價內,100,0.10,35,3.71,60.52%,75.51%
="035703",I9永豐,10,1.49,1.58,10,6.040%,3.506%,-,-,0,日友,25.61% 價內,102.70,0.0590,5,4.71,0.00%,125.67%
="035683",元大8P,100,2.05,2.11,100,2.927%,3.209%,-,-,0,日友,22.86% 價內,105,0.08,35,4.26,60.05%,68.95%
="719424",國泰WA,499,0.30,0.31,10,3.333%,3.529%,-,-,0,千附,0.02% 價外,41.81,0.1130,25,8.25,60.17%,62.16%
="719691",元大QC,100,3.30,-,0,-,1.748%,-,-,0,弘帆,51.69% 價內,105.48,0.06,45,-,61.92%,-
="719889",群益RL,25,1.21,1.27,10,4.959%,4.851%,1.24,-8.15%,5,大江,1.25% 價內,120,0.12,24,6.66,74.57%,78.55%
="720498",凱基RY,30,1.90,2,30,5.263%,1.414%,-,-,0,華研,30.00% 價內,70,0.08,39,3.11,93.54%,109.93%
="720403",QK永豐,10,0.58,0.61,10,5.172%,2.089%,-,-,0,華研,1.45% 價內,89.70,0.0570,27,5.02,96.17%,101.56%
="72145P",VU元大,100,0.55,0.56,10,1.818%,3.113%,0.55,-5.17%,105,國統,1.44% 價外,27.70,0.2170,45,-4.71,70.24%,71.41%
="720024",群益SD,25,0.43,0.44,10,2.326%,5.294%,-,-,0,森鉅,0.82% 價內,85,0.0620,31,6.81,65.44%,67.08%
="720535",TR日盛,25,0.64,0.65,25,1.563%,4.581%,0.67,-5.63%,40,森鉅,0.82% 價內,85,0.08,40,5.75,66.96%,68.07%
="720330",P4元富,25,0.45,0.46,10,2.222%,5.881%,-,-,0,森鉅,0.35% 價外,86,0.08,24,7.94,64.94%,66.37%
="035782",國泰1J,100,0.58,0.67,15,15.517%,8.846%,-,-,0,F-鈺齊,2.64% 價內,49.20,0.20,6,9.93,85.11%,103.14%
="035793",AD元大,100,0.39,0.40,50,2.564%,4.058%,-,-,0,F-鈺齊,1.00% 價內,50,0.08,39,5.78,69.65%,71.52%
="06753P",13凱基,30,1.09,1.14,30,4.587%,5.702%,1.09,32.93%,2,寶成,2.30% 價內,37,0.50,24,-9.09,46.43%,49.00%
="06667P",元富2P,25,0.82,0.84,25,2.439%,6.223%,0.63,-4.55%,298,寶成,6.10% 價內,38.50,0.28,11,-11.50,56.72%,60.05%
="06695P",日盛MT,499,1.81,1.85,10,2.210%,4.121%,1.80,16.13%,774,寶成,9.63% 價內,40,0.40,24,-5.92,53.45%,56.72%
="06722P",DI元大,100,0.85,0.88,10,3.529%,4.372%,0.75,4.17%,40,寶成,9.63% 價內,40,0.20,24,-7.51,43.62%,49.24%
="07150P",F2群益,25,1.37,1.43,10,4.380%,3.146%,-,-,0,寶成,9.63% 價內,40,0.25,39,-4.08,64.97%,70.35%
="07060P",HP永豐,10,1.38,1.39,10,0.725%,2.803%,1.22,-3.17%,45,寶成,13.29% 價內,41.69,0.20,34,-4.11,73.63%,74.80%
="06954P",凱基BG,30,1.26,1.27,30,0.794%,3.164%,1.25,12.61%,55,寶成,13.93% 價內,42,0.20,28,-4.70,53.92%,55.79%
="07206P",元富G2,25,1.36,1.37,25,0.735%,2.330%,1.36,7.94%,524,寶成,16.90% 價內,43.50,0.16,45,-3.12,68.25%,69.89%
="07174P",F7群益,25,1.95,1.98,5,1.539%,2.099%,-,-,0,寶成,19.67% 價內,45,0.20,40,-2.85,72.23%,76.44%
="07201P",ZM元大,100,0.95,0.97,100,2.105%,2.151%,0.95,7.95%,90,寶成,19.67% 價內,45,0.10,41,-3.07,64.27%,70.12%
="07202P",凱基HT,30,1.87,1.89,30,1.070%,2.186%,1.87,8.09%,70,寶成,19.67% 價內,45,0.20,41,-3.19,59.53%,62.86%
="07119P",E8國泰,30,0.47,0.48,30,2.128%,2.611%,0.47,-4.08%,145,豐泰,1.88% 價外,160,0.03,39,-4.34,81.62%,83.20%
="035934",日盛LY,25,1.49,1.52,10,2.013%,2.268%,1.48,-3.27%,34,百和,22.46% 價內,65,0.10,8,5.14,90.03%,108.76%
="036052",永昌NT,10,1.98,2,10,1.010%,2.505%,2.02,0%,10,百和,18.81% 價內,67,0.15,12,5.44,77.85%,83.00%
="037531",兆豐LP,10,0.74,-,0,-,2.444%,0.75,1.35%,33,百和,5.73% 價內,75.29,0.08,40,5.46,66.31%,-
="034889",AC統一,10,0.48,0.49,10,2.083%,2.723%,0.48,2.13%,240,百和,1.65% 價內,78.31,0.0670,45,6.40,57.84%,59.18%
="035326",凱基3L,30,0.51,0.52,30,1.961%,3.410%,0.51,0%,235,百和,0.50% 價外,80,0.10,25,8.15,62.80%,63.97%
="037314",IP永豐,10,1.09,1.10,10,0.917%,3.028%,-,-,0,潤泰新,7.44% 價內,34.39,0.2550,39,5.87,59.30%,60.28%
="037787",元富G8,25,0.72,0.82,10,13.889%,2.821%,-,-,0,潤泰新,2.64% 價內,36,0.20,45,5.69,59.77%,69.65%
="719427",統一RZ,10,0.92,1,10,8.696%,4.933%,-,-,0,皇田,20.96% 價內,137.24,0.0310,26,4.70,51.23%,80.42%
="720444",QB元大,100,0.53,0.56,10,5.660%,7.735%,0.57,9.62%,76,皇田,0.61% 價內,165,0.05,31,8.00,51.64%,54.74%
="06739P",EA元大,499,0.62,0.63,489,1.613%,5.135%,0.63,-31.52%,16,電子類指,1.61% 價外,305,0.10,24,-19.10,26.99%,27.33%
="07039P",LP元大,495,2.64,2.66,499,0.758%,1.871%,2.79,1.45%,5,金融保險,11.18% 價內,950,0.02,33,-4.23,61.84%,62.98%
="07038P",LN元大,495,3.14,3.16,499,0.637%,1.602%,-,-,0,金融保險,13.90% 價內,980,0.02,33,-4.00,63.53%,64.76%
="037337",凱基FL,30,1.62,1.70,10,4.938%,3.837%,-,-,0,加權指數,6.25% 價內,7300,0.0030,39,10.92,23.93%,27.48%
="037346",97群益,499,1.49,1.50,499,0.671%,3.902%,1.50,14.50%,520,加權指數,4.81% 價內,7400,0.0030,39,11.10,27.63%,28.02%
="037347",98群益,499,1.29,1.30,499,0.775%,4.112%,1.26,0.80%,10,加權指數,3.42% 價內,7500,0.0030,39,12.29,27.55%,27.91%
="037338",凱基FN,1,1.39,1.40,32,0.719%,4.509%,1.39,17.80%,707,加權指數,2.06% 價內,7600,0.0040,39,13.84,25.30%,25.55%
="037348",99群益,499,1.12,1.13,499,0.893%,4.197%,1,-4.76%,8,加權指數,2.06% 價內,7600,0.0030,39,14.23,27.95%,28.29%
="037349",A1群益,499,0.91,0.92,493,1.099%,4.433%,0.92,13.58%,137,加權指數,0.73% 價內,7700,0.0030,39,14.11,26.43%,26.76%
="06906P",元富8A,20,0.87,1.09,20,25.287%,7.747%,1.01,-26.81%,20,加權指數,0.73% 價外,7700,0.0070,26,-23.12,18.63%,22.47%
="07021P",日盛26,25,2.27,2.28,25,0.441%,3.437%,2.55,-0.78%,73,加權指數,0.73% 價外,7700,0.0080,33,-10.85,33.87%,34.00%
="07041P",LR元大,499,2.02,2.03,499,0.495%,2.414%,-,-,0,加權指數,0.73% 價外,7700,0.0050,33,-8.58,46.81%,47.03%
="07219P",H9群益,499,0.91,0.92,499,1.099%,3.255%,0.99,-3.88%,30,加權指數,0.73% 價外,7700,0.0030,45,-10.46,30.97%,31.28%
="06930P",5Z富邦,20,1.26,1.27,20,0.794%,4.380%,1.27,-19.11%,105,加權指數,0.08% 價外,7750,0.0050,26,-14.50,31.19%,31.43%
="037350",A2群益,499,0.81,0.82,499,1.235%,4.126%,0.70,4.48%,227,加權指數,0.56% 價外,7800,0.0030,39,16.66,28.00%,28.32%
="06891P",32群益,499,1.01,1.11,10,9.901%,6.163%,-,-,0,加權指數,0.56% 價內,7800,0.0050,26,-18.94,22.03%,24.43%
="06897P",EP永豐,1,1.02,1.08,10,5.882%,4.882%,-,-,0,加權指數,0.56% 價內,7800,0.0040,26,-15.03,28.41%,30.21%
="07187P",G7群益,499,1.05,1.06,499,0.952%,3.454%,1.04,-18.11%,610,加權指數,0.56% 價內,7800,0.0030,41,-11.06,31.96%,32.28%
="07211P",AB中信,499,0.45,0.46,299,2.222%,2.671%,0.46,-13.21%,49,加權指數,0.56% 價內,7800,0.0010,45,-8.15,39.71%,40.62%
="06743P",EE元大,4,1.42,1.44,499,1.409%,5.398%,1.42,-22.83%,447,加權指數,1.82% 價內,7900,0.0050,24,-16.18,25.91%,26.43%
="06892P",33群益,499,1.64,1.65,499,0.610%,4.623%,1.64,-19.21%,193,加權指數,1.82% 價內,7900,0.0050,26,-13.48,30.34%,30.59%
="06712P",元富3W,27,1.55,-,0,-,5.735%,1.55,-20.51%,10,加權指數,3.05% 價內,8000,0.0050,24,-17.96,20.45%,-
="06840P",日盛NP,25,2.66,2.75,10,3.384%,5.347%,-,-,0,加權指數,3.05% 價內,8000,0.0080,24,-15.56,23.64%,25.19%
="06893P",34群益,499,1.94,1.95,494,0.516%,4.523%,1.95,-16.67%,119,加權指數,3.05% 價內,8000,0.0050,26,-12.60,29.98%,30.23%
="06898P",EQ永豐,10,1.11,1.21,10,9.009%,4.743%,1.12,-15.15%,30,加權指數,3.05% 價內,8000,0.0030,26,-13.20,27.68%,31.92%
="06901P",M3中信,499,1,-,0,-,5.265%,1.02,-22.14%,600,加權指數,3.05% 價內,8000,0.0030,26,-15.60,22.88%,-
="06913P",兆豐HB,10,1.50,1.59,10,6.000%,4.680%,-,-,0,加權指數,3.05% 價內,8000,0.0040,26,-12.73,28.32%,31.18%
="06921P",93凱基,30,3.58,3.68,30,2.793%,4.902%,3.58,-22%,61,加權指數,3.05% 價內,8000,0.01,26,-14.17,26.13%,27.42%
="06711P",元富3V,25,1.95,2.05,10,5.128%,4.334%,-,-,0,加權指數,5.41% 價內,8200,0.0040,24,-12.27,24.05%,28.29%
="06742P",ED元大,499,2.58,2.60,499,0.775%,4.095%,2.57,-16.56%,152,加權指數,5.41% 價內,8200,0.0050,24,-11.48,28.85%,29.48%
="06894P",35群益,411,3.09,3.10,499,0.324%,3.542%,3.09,-13.45%,439,加權指數,6.55% 價內,8300,0.0050,26,-9.79,31.42%,31.74%
="06900P",M2中信,500,1.16,1.34,10,15.517%,3.774%,1.30,-9.72%,23,加權指數,6.55% 價內,8300,0.0020,26,-9.29,24.87%,39.19%
="06920P",92凱基,30,3.02,3.12,30,3.311%,3.624%,-,-,0,加權指數,6.55% 價內,8300,0.0050,26,-9.94,29.14%,32.36%
="06588P",F7中信,499,2.26,-,0,-,3.089%,2.37,-5.20%,100,加權指數,8.75% 價內,8500,0.0030,5,-9.29,48.86%,-
="06919P",91凱基,30,4.40,4.50,30,2.273%,2.623%,-,-,0,加權指數,9.81% 價內,8600,0.0050,26,-7.49,33.08%,37.20%
="06587P",F6中信,489,2.10,-,0,-,2.216%,2.10,-7.49%,121,加權指數,11.86% 價內,8800,0.0020,5,-7.17,59.01%,-
